[{"name":"A-clothing-0","category":"clothing","price":42.62,"ratings":[3,1,3,3,3,2,0,4]},{"name":"C-digital-1","category":"digital","price":14.73,"ratings":[0,1,1,0,0,4,0,0]},{"name":"E-clothing-2","category":"clothing","price":26.21,"ratings":[2,1,1,4,1,3,0,4,2,5,5,0,2,3,3,0]},{"name":"B-digital-3","category":"digital","price":9.12,"ratings":[3,5,3,1,5,4]},{"name":"G-book-4","category":"book","price":12.95,"ratings":[3,2,1,4,2,3,4,3,1,2,5]},{"name":"E-book-5","category":"book","price":1.82,"ratings":[2]},{"name":"D-clothing-6","category":"clothing","price":15.64,"ratings":[1,0,4,4,3,5,5,4,3,2,0,5,3,4,1,3,0,2,3]},{"name":"E-toy-7","category":"toy","price":8.1,"ratings":[3,3,4,1,5,3,4,4,1,5,3,1]},{"name":"G-food-8","category":"food","price":4.6,"ratings":[3,0,5]},{"name":"G-book-9","category":"book","price":42.8,"ratings":[2,1,1,1,5,2,3,1]},{"name":"A-book-10","category":"book","price":9.4,"ratings":[0,1,4,1,0,2,5,4,4,4,2,1,5,1,5,1]},{"name":"E-book-11","category":"book","price":43.66,"ratings":[1,0,4,3,4,0]},{"name":"D-digital-12","category":"digital","price":19.69,"ratings":[2,4,3,1,1,5,1,1,5,2,3,4]},{"name":"B-book-13","category":"book","price":36.04,"ratings":[1,3,1,4,0,3]},{"name":"C-digital-14","category":"digital","price":46.3,"ratings":[4,0,1,2,2,4,1]},{"name":"G-clothing-15","category":"clothing","price":23.82,"ratings":[3,1,2,4,2,1,5,1,1,5,3,4,3,3,5,3,0,4,3,3,3,2,3,1,4,1,1,3]},{"name":"B-clothing-16","category":"clothing","price":32.43,"ratings":[5,4,3,4,3,3,0,3,4,5,2,0,5]},{"name":"E-digital-17","category":"digital","price":40.02,"ratings":[0,2,4,1,2,0,0,2]},{"name":"G-clothing-18","category":"clothing","price":20.95,"ratings":[4,2,3,1,4,3,1,4,3,3,3,5]},{"name":"G-clothing-19","category":"clothing","price":35.61,"ratings":[3,4,4,4,2,4,5,3,1,3]},{"name":"G-toy-20","category":"toy","price":46.95,"ratings":[2,0,4,4,5,2,4,5,1,2,2,3,2,3,0,1,1,1]},{"name":"C-digital-21","category":"digital","price":40.35,"ratings":[4,2,3,2,3,3,4,2,1,2,2,3]},{"name":"D-digital-22","category":"digital","price":35.03,"ratings":[2,4,1,4,3,0,4,1,5,3,4,4,2,5,3,2,3,2,5,3,2,2,2,5]},{"name":"E-digital-23","category":"digital","price":37.03,"ratings":[2,1,3,4,5,3,1,4]},{"name":"E-food-24","category":"food","price":37.86,"ratings":[4,5,5,1,5,5,4,2,2,2]},{"name":"A-food-25","category":"food","price":8.73,"ratings":[2,4,4,1,2,1,1,3,1,3,2,1,4,5,4,1,1,1,2,5,4,3,3]},{"name":"E-food-26","category":"food","price":46.18,"ratings":[3,5,3,5,0,3,2,4,1,1,1,1,5,2,5,0,3,0,3,1,3,1,2,2,3,4,2,1,2,3]},{"name":"E-book-27","category":"book","price":14.83,"ratings":[4,3,0,1,5,4,2,5,3,1]},{"name":"E-book-28","category":"book","price":8.51,"ratings":[2,0,5,0,3,1,3,1,3,1,4]},{"name":"B-clothing-29","category":"clothing","price":41.51,"ratings":[3,3,4,1,0,5,1,2,4,3,1,0,4,3,3,4]},{"name":"D-clothing-30","category":"clothing","price":6.33,"ratings":[4,4,0,2,3,2,2,5,0,1,5,0,3,4,5,3,4]},{"name":"B-food-31","category":"food","price":5.19,"ratings":[3,2,0,4,3,4,3]},{"name":"G-toy-32","category":"toy","price":21.81,"ratings":[1,2,2,3,3,1,3,1,2,0,4,0,4,4,0]},{"name":"C-book-33","category":"book","price":39.06,"ratings":[1,3,4,2,1,4,5,1,3,2,4]},{"name":"D-toy-34","category":"toy","price":1.64,"ratings":[5,0,4,3,3,1]},{"name":"D-book-35","category":"book","price":28.63,"ratings":[4,4,3,4,4,2,0,1,1,0,3,1]},{"name":"D-book-36","category":"book","price":7.77,"ratings":[3,1,2,4,4,5,4,2,4,4,2,0]},{"name":"A-book-37","category":"book","price":31.47,"ratings":[4,4,3,2,4,4,2]},{"name":"A-clothing-38","category":"clothing","price":34.72,"ratings":[5,1,4,1,4,3,2,2,4,3,3,5,1,1,0]},{"name":"E-clothing-39","category":"clothing","price":46.4,"ratings":[1,2,1,5,3,2,4,5,3,5,4]},{"name":"B-toy-40","category":"toy","price":6.81,"ratings":[0,2,5,2,3,0,1,4,1,2,3,3,0,1,0,1,1,4,1,1]},{"name":"B-digital-41","category":"digital","price":6.9,"ratings":[5,2,0,5,3,4]},{"name":"B-toy-42","category":"toy","price":30.15,"ratings":[1,5,2,4,1,2,5,2,1,4,5,4,4,3,1,4,1,4,4,2,3,3]},{"name":"C-digital-43","category":"digital","price":19.25,"ratings":[3,3,5,4,2,3,4,1,3,5,1,0,3,0]},{"name":"D-book-44","category":"book","price":41.6,"ratings":[2,3,2,0,3,4,2,4,1,0,1,3,2,4,5,2,4]},{"name":"D-toy-45","category":"toy","price":47.53,"ratings":[3,3,3,2,4,0,1,0]},{"name":"C-food-46","category":"food","price":26.28,"ratings":[2,2,4,5,2,2,3,1,1,4,2,4,1,3,1]},{"name":"D-food-47","category":"food","price":28.48,"ratings":[4,0,4,1,1,4,1,5,0,2,1,4,3,1,5,3,4,4,2,5,3,1]},{"name":"C-clothing-48","category":"clothing","price":33.02,"ratings":[0,2,2,1,4,2,2,2,4,5,4,5,2,5,0]},{"name":"D-toy-49","category":"toy","price":9.47,"ratings":[2,2,5,4,4,5,3,1,3,4]},{"name":"E-toy-50","category":"toy","price":13.46,"ratings":[2,3,0,3,2,3,1,4,3]},{"name":"E-digital-51","category":"digital","price":21.6,"ratings":[4,2,4,1,2,3,4,3,2,2,1]},{"name":"A-clothing-52","category":"clothing","price":45.69,"ratings":[5,3,2,2,1,1,1,2,1,3,5,2,3,1,2,2,0,0,2,1]},{"name":"A-digital-53","category":"digital","price":11.86,"ratings":[2,1,3,5,4,2,2,2,4,2,1,1,5,3,0,1,2,2,3,2,4,4,3,5,4]},{"name":"E-clothing-54","category":"clothing","price":1.79,"ratings":[3,0,2,1,0,5,3,3,2,4,4]},{"name":"A-toy-55","category":"toy","price":33.94,"ratings":[5,1,5,3,1,3]},{"name":"C-book-56","category":"book","price":23.02,"ratings":[4,4,3,3,2,0,3,2,3,3,0,0,4,3,2,3,2,3,3,1,3,2,2]},{"name":"A-toy-57","category":"toy","price":27.72,"ratings":[5,4,3,1,2,2,0,2,2,2,1,3,2,5,0,4,1,4]},{"name":"E-clothing-58","category":"clothing","price":26.88,"ratings":[2,3,3,4]},{"name":"G-digital-59","category":"digital","price":10.39,"ratings":[2,3,0,4,1,4,2]},{"name":"G-digital-60","category":"digital","price":2.28,"ratings":[3,2,3,1,0,1,5,4,3,3,1,4]},{"name":"A-digital-61","category":"digital","price":9.29,"ratings":[5,2,0,1,2,1,5,2,4,2,0,4,2,4,2]},{"name":"A-clothing-62","category":"clothing","price":38.23,"ratings":[3,1,0,1,5,3,0,1,2,1,1,1,5,2]},{"name":"C-digital-63","category":"digital","price":0.17,"ratings":[4,4,4,4,2,4,3,5,2,1,5,3,5,1,2,4,2,1]},{"name":"A-toy-64","category":"toy","price":28.33,"ratings":[2,3,2,3,3,2,5,0,3,3,3,2,4,2,2,0,1,2,0,0,4,1,3]},{"name":"G-toy-65","category":"toy","price":40.49,"ratings":[5,4,4,2,1,3,0,3,4,4]},{"name":"C-clothing-66","category":"clothing","price":32.79,"ratings":[1,2,2,4,3,2,1,4]},{"name":"E-clothing-67","category":"clothing","price":0.53,"ratings":[4,5,1,5,4,1,1]},{"name":"E-toy-68","category":"toy","price":3.28,"ratings":[0,5,0,0,1,2,1,5,4,1,4]},{"name":"G-food-69","category":"food","price":40.06,"ratings":[2,3,4,3,2,3,1,0,4]},{"name":"E-book-70","category":"book","price":12.59,"ratings":[3,3,2,0,3,4,2,3,3,2,0]},{"name":"B-food-71","category":"food","price":35.4,"ratings":[1,3,4,3,4,2,4,4,4,1,3,3,2,3,1,1,2,3,2,1,1]},{"name":"C-book-72","category":"book","price":45.59,"ratings":[3,3,2,2,3,3,2,4,3,2,4,3,1,5,1,4,4,3,2,4,2,2,5,4]},{"name":"D-book-73","category":"book","price":12.33,"ratings":[1,5,3,1,1,2]},{"name":"E-food-74","category":"food","price":5.25,"ratings":[3,3,2,3,3,3,3,1,3,4,4,3,2,4,1,0,4,1,1]},{"name":"G-digital-75","category":"digital","price":25.41,"ratings":[1,4,4,2,4,1,5,3,5,3,2,2,0,1,4,4,4,2]},{"name":"C-toy-76","category":"toy","price":42.75,"ratings":[5,3,1,1,4,5,2,3,4,3,4]},{"name":"A-digital-77","category":"digital","price":22.02,"ratings":[5,4,3,2,1,4,4]},{"name":"B-toy-78","category":"toy","price":30.22,"ratings":[1,1,2,1,1,0,3,1,1,1,3,1,2,4,2,3,2,4,1,2,5,3]},{"name":"G-digital-79","category":"digital","price":0.92,"ratings":[1,2,2,3,3,5,2,1,0,1,5,4]},{"name":"E-book-80","category":"book","price":21.94,"ratings":[3,1,2,5,3,4,0,4,0,0,1,1,3]},{"name":"E-book-81","category":"book","price":41.38,"ratings":[2,1,4,4,5,1,2,2,2,2,4,4,4,1]},{"name":"D-clothing-82","category":"clothing","price":46.65,"ratings":[0,5,1,4,4,4,1,1,5,4]},{"name":"C-clothing-83","category":"clothing","price":45.27,"ratings":[2,4,3,4,3,3,3,3,3,2,3,2,5,4,3,1,3,3]},{"name":"B-book-84","category":"book","price":20.61,"ratings":[3,5,4,5,1,0,4,2,5,2,2,0,3,1,2,2,4,3,3,1]},{"name":"E-clothing-85","category":"clothing","price":17.44,"ratings":[3,4,0,3,1,1,1,2,0,1,0,4,5,2,1,4,4,0,1,0,1,3,5,3,1,5]},{"name":"B-toy-86","category":"toy","price":15.14,"ratings":[1,1,1,4,4,4]},{"name":"G-book-87","category":"book","price":38.25,"ratings":[4,5,5,2,3,0,2,2,4,4,2,1,5,2]},{"name":"D-book-88","category":"book","price":41.24,"ratings":[1,2,3,5,1,4,2,3,0,4,2,1,0,1]},{"name":"D-toy-89","category":"toy","price":37.26,"ratings":[3,4,2,3,3,4,0,2,3,2,4,0,2,3,1,2,3,3,2,1,3,1,2]},{"name":"C-toy-90","category":"toy","price":13.21,"ratings":[2,2,1,4,1,3,2,2,2]},{"name":"A-food-91","category":"food","price":37.04,"ratings":[3,1,0,1,0,2,3,4,3,1,1,3,5,1]},{"name":"C-clothing-92","category":"clothing","price":49.2,"ratings":[5,4,2,4,1,5,4,2,0,5,1,1,3,1,1]},{"name":"G-book-93","category":"book","price":33.49,"ratings":[3,0,0,3,4,3,1,3,2,4,4,4,3,2,1,0,0,4]},{"name":"E-food-94","category":"food","price":33.95,"ratings":[3,4]},{"name":"D-toy-95","category":"toy","price":18.43,"ratings":[2,2,2,1,4,2,4]},{"name":"A-book-96","category":"book","price":30.2,"ratings":[2,3,4,1,5,4,2,1,2,4]},{"name":"E-book-97","category":"book","price":44.9,"ratings":[0,0,1,3,0,0,4,2,5,3,2]},{"name":"E-clothing-98","category":"clothing","price":40.83,"ratings":[1,1,1,2,4,2,4,3,3,5,0]},{"name":"D-toy-99","category":"toy","price":12.74,"ratings":[4,3,5,1,3,1,2,3,4,2,2,1,3,5,1,4,4,1,4,3]},{"name":"B-clothing-100","category":"clothing","price":27.18,"ratings":[1,2,3,0,1,1,0,1,1,4,2,5,2,5]},{"name":"G-book-101","category":"book","price":11.51,"ratings":[1,5,3,3,5,2,4,5,1,2,2,2,3,2,1,1,4]},{"name":"B-clothing-102","category":"clothing","price":23.46,"ratings":[2,0,5,0,0,2,3,1,2,0,4,1,1,3]},{"name":"B-book-103","category":"book","price":25.5,"ratings":[5,3,3,4,1]},{"name":"B-food-104","category":"food","price":30.43,"ratings":[0,3,0]},{"name":"C-clothing-105","category":"clothing","price":12.58,"ratings":[4,5,1,0,0,3,3,4,2,2,3,4,4,4]},{"name":"G-book-106","category":"book","price":13.54,"ratings":[1,5,5,3,4,2,3]},{"name":"E-toy-107","category":"toy","price":44.5,"ratings":[4,1,2,1,5]},{"name":"C-toy-108","category":"toy","price":33.03,"ratings":[4]},{"name":"B-toy-109","category":"toy","price":29.03,"ratings":[2,0,5,1,4,2,0,5,4,3,5,0,2,3,5,3,1,5]},{"name":"B-digital-110","category":"digital","price":19.33,"ratings":[0,2,5,3,3,1,0,4]},{"name":"B-book-111","category":"book","price":46.16,"ratings":[4,1,5,2,5,4,3,1,2,4,3,5,4,3,2,4,4,4,3,3,4,3,4,1]},{"name":"G-clothing-112","category":"clothing","price":29.97,"ratings":[4,2,1,3,0,3,4,0,1,3,3,1,2,4,1,4,4]},{"name":"E-digital-113","category":"digital","price":10.59,"ratings":[3,1,2,4,4,0,5,1,2,3,3,1,1,4,0]},{"name":"C-digital-114","category":"digital","price":38.39,"ratings":[3,4,1,5,4,2,2,3,0]},{"name":"D-book-115","category":"book","price":43.52,"ratings":[2,2,3,3,2,1,3,1,5,2,2,0]},{"name":"A-clothing-116","category":"clothing","price":9.69,"ratings":[1,3,5,4,1,4,4,1,2,5,3,2,4,2,4,0,0]},{"name":"G-toy-117","category":"toy","price":14.68,"ratings":[5,4,3,2,1]},{"name":"C-clothing-118","category":"clothing","price":2.8,"ratings":[4,0,3,5,1,1,2,4,0]},{"name":"G-food-119","category":"food","price":41.91,"ratings":[1,5,1,0,5,2,3,4,2,0,2,0,5]},{"name":"A-clothing-120","category":"clothing","price":15.24,"ratings":[0,3,4,0,1,3,3,3,4,1,2,5,4,4,4,0,4,2,4,0,1,4,3]},{"name":"B-digital-121","category":"digital","price":42.26,"ratings":[4,4,3,2,0,1,0,1,2,3,3,1]},{"name":"A-toy-122","category":"toy","price":22.94,"ratings":[2,1,2,4,1,1,3,0,2,1,3,5,5,3,1,1,1,4,5,1,1,3]},{"name":"B-food-123","category":"food","price":37.71,"ratings":[1,2,4,2,3,3,0]},{"name":"D-book-124","category":"book","price":49.69,"ratings":[3,0,2,1,4,2,1]},{"name":"D-toy-125","category":"toy","price":33.22,"ratings":[5,2,2,2,1,2,3,4,5,2,2,4,1,1]},{"name":"B-clothing-126","category":"clothing","price":18.78,"ratings":[2,2,2,3,1,2,2,1,2,5,1,0,2,1,4,2,3,3,4,3,4]},{"name":"B-book-127","category":"book","price":43.48,"ratings":[4,1,3,4,3,0]},{"name":"A-food-128","category":"food","price":3.69,"ratings":[1,2,2,1,4,0,0,2,4,1,2,3,5,1,1,2,5,4,5,4,2,2,3,1]},{"name":"C-food-129","category":"food","price":18,"ratings":[4,4,3,1]},{"name":"E-toy-130","category":"toy","price":37.76,"ratings":[4,5,3,5,0,1,3,4,5]},{"name":"B-clothing-131","category":"clothing","price":26.85,"ratings":[2,2,4,4,3,1,4]},{"name":"E-toy-132","category":"toy","price":16.79,"ratings":[5,3,4,1,4,2,4,2,0,3,2]},{"name":"A-toy-133","category":"toy","price":32.6,"ratings":[2,1,0,0,4,4,2,3,2,2,4]},{"name":"E-clothing-134","category":"clothing","price":22.71,"ratings":[5,1,5,4,0,4,4,3,1,2,3,3,3,2,4,3,2,4,5]},{"name":"D-clothing-135","category":"clothing","price":35.75,"ratings":[3,3,3,5,1,2,2,0,0,3,4,4,0,4,3]},{"name":"C-food-136","category":"food","price":45.2,"ratings":[5,3,3,5,3,3,0,1,4,4,4,3,1,3,2,1,3,3,2,3]},{"name":"C-clothing-137","category":"clothing","price":43.46,"ratings":[4,4,3,5,1,1,4,2,4,1]},{"name":"E-toy-138","category":"toy","price":27.61,"ratings":[2,5,1,2,4,2,2,4]},{"name":"A-food-139","category":"food","price":2.68,"ratings":[3,0,5,1,5,5,4,4,1,2,0]},{"name":"G-book-140","category":"book","price":34.31,"ratings":[1,0,4,1,1,2]},{"name":"D-toy-141","category":"toy","price":31.31,"ratings":[4,4,4,5,1,2,2,4,2,3,0,4,1,3,2,1,4,3,4]},{"name":"A-digital-142","category":"digital","price":13.51,"ratings":[0,4,3,5,0,2,1,3,3,3,4,4,5,2,0,2,1,3]},{"name":"D-toy-143","category":"toy","price":30.3,"ratings":[4,5,3,4,4,1,5]},{"name":"B-toy-144","category":"toy","price":4.87,"ratings":[0,0,0,4,1,0,2,2,3,2,3,4,2,0]},{"name":"G-digital-145","category":"digital","price":24.84,"ratings":[0,2,2,3,3,1,4,4,3,4,1,2,2,1]},{"name":"E-book-146","category":"book","price":45.75,"ratings":[1,3,3,0,3,4,2,3,4,3,2,5,3]},{"name":"E-book-147","category":"book","price":15.11,"ratings":[3,0,1,0,1,0]},{"name":"C-toy-148","category":"toy","price":42.99,"ratings":[1,4,1,1,5,5]},{"name":"D-book-149","category":"book","price":11.17,"ratings":[1,5,1,4,3,2,2,0,0,1,2,4,2,1,0]},{"name":"G-food-150","category":"food","price":40.97,"ratings":[4,0,2,1,2,2,1,3]},{"name":"D-clothing-151","category":"clothing","price":37.26,"ratings":[3,1,5,2,3,3,2,5,3,3,0,2]},{"name":"A-digital-152","category":"digital","price":20.75,"ratings":[3,3,1,5,2,1,5,4,2,4,4]},{"name":"G-book-153","category":"book","price":21.23,"ratings":[5,2,2,1,0,2,2,3,1,2,5,3,1,1,4,1]},{"name":"B-clothing-154","category":"clothing","price":4.98,"ratings":[1,3,2,4,1,2,3,2,0,1,2,2,2,2,2]},{"name":"A-food-155","category":"food","price":46.64,"ratings":[5,1,4,1]},{"name":"G-toy-156","category":"toy","price":49.27,"ratings":[2,2,1,4,4,1,1,0]},{"name":"D-digital-157","category":"digital","price":48.54,"ratings":[2,1,0,1,1,3,1,3,4,2,1,5,2,2,3,2]},{"name":"A-clothing-158","category":"clothing","price":14.41,"ratings":[4,3,4,1,1]},{"name":"E-food-159","category":"food","price":18.08,"ratings":[0,5,1,1,0,2,2,4,5,2,2]},{"name":"E-clothing-160","category":"clothing","price":6.8,"ratings":[2,1,2,1,1,4,3,0,1]},{"name":"E-food-161","category":"food","price":19.64,"ratings":[5,1,2,4,5,2,4,4,4]},{"name":"C-digital-162","category":"digital","price":31.92,"ratings":[3,5,2,4,0,4,2,1,0,4,5,5,3]},{"name":"B-digital-163","category":"digital","price":41.02,"ratings":[1,2,4,1,4,2,0,2,0,5,1,1,5,0,3,1,3,0,2,4,1,3,4,1,3,1,5,2,3]},{"name":"G-food-164","category":"food","price":4.74,"ratings":[2,4,4,1,2,0,3,4,0,3,3,5,3,5,2,1,5,4,4]},{"name":"D-digital-165","category":"digital","price":39.56,"ratings":[4,4,0,4,1,1,2,3,4]},{"name":"A-book-166","category":"book","price":23.76,"ratings":[4,5,5,3,3,2,1,4,4,2,2,2,0,1,3,4,1,3,4]},{"name":"G-book-167","category":"book","price":26.41,"ratings":[1,2,4,0,5,3,2,5,0,4,3,4,2,4,1,1,2]},{"name":"E-food-168","category":"food","price":33.92,"ratings":[0,0,4,5,0,0,1,1]},{"name":"G-clothing-169","category":"clothing","price":14.21,"ratings":[5,1,1,2,3,1,2]},{"name":"G-digital-170","category":"digital","price":30.6,"ratings":[0,3,2,1,2,4,3,2,3,1]},{"name":"E-digital-171","category":"digital","price":45.61,"ratings":[2,4]},{"name":"D-toy-172","category":"toy","price":33.36,"ratings":[1,2,1,1,4,2]},{"name":"G-digital-173","category":"digital","price":34.12,"ratings":[4,1,3,4,3,0,0,4,4,2,4,2,1,4,2,4,0]},{"name":"B-food-174","category":"food","price":16.61,"ratings":[3,2,0,0,3,3,2,3,3]},{"name":"C-toy-175","category":"toy","price":7.45,"ratings":[4,2,0,2,3,5,3,1,2,1,3,3,0,5]},{"name":"A-toy-176","category":"toy","price":48.18,"ratings":[3,1,2,3,4,4,4,3,5,5,0,4,3,1,0,3,2,4,3,2]},{"name":"B-toy-177","category":"toy","price":30.08,"ratings":[0,1,1,3,0,1,1,2,5,5,4]},{"name":"G-food-178","category":"food","price":40.48,"ratings":[5,0,3,2,0,2,2,2,3,5,2,3,3,4,2,4,1,4,4,1,1,0,1]},{"name":"E-book-179","category":"book","price":4.59,"ratings":[3,4,5,3,4,1]},{"name":"C-book-180","category":"book","price":30.54,"ratings":[5,4,1,4,2,1,3,1,1,4]},{"name":"G-toy-181","category":"toy","price":32.72,"ratings":[5,0,3,0,3,3,2,3,4,2]},{"name":"B-food-182","category":"food","price":6.58,"ratings":[4,3,1,2,4,4,2,1,1,4,0,4,2,2,1,4,4,4]},{"name":"C-toy-183","category":"toy","price":46.45,"ratings":[4,3,1,4,4,1,3,1]},{"name":"A-clothing-184","category":"clothing","price":7.56,"ratings":[3,5,2,1,3,2,5,2,0,3,3,5,1,2]},{"name":"A-digital-185","category":"digital","price":4.08,"ratings":[1,1,3,3,5,4,3,5,5,2,3,4,2,3,3,2]},{"name":"B-digital-186","category":"digital","price":12.85,"ratings":[4,0,1,4,3,3,3,0,4]},{"name":"A-clothing-187","category":"clothing","price":47.4,"ratings":[2,4,1,4,0,3]},{"name":"G-food-188","category":"food","price":18.98,"ratings":[3,4,5,1,5,5,3,3,2,2,4,3,0,3,2,5,1]},{"name":"C-clothing-189","category":"clothing","price":30.64,"ratings":[2,0,4,4,5,4]},{"name":"B-clothing-190","category":"clothing","price":25.73,"ratings":[3,1,4,5,2,0,3]},{"name":"E-clothing-191","category":"clothing","price":33.52,"ratings":[2,4,3,1,0,3]},{"name":"G-book-192","category":"book","price":21.55,"ratings":[2,3,4,4,4,3,2,4,4,2,4,5,1,5,2,3,2,3,1,5,2,4,5,0,5,3,3,2,4]},{"name":"B-book-193","category":"book","price":34.55,"ratings":[2,3,1,5,4,3,4]},{"name":"E-food-194","category":"food","price":7.6,"ratings":[1,0,4,2,1,3,3,4,4,2,1]},{"name":"C-food-195","category":"food","price":20.46,"ratings":[0,5,3,3,2,3,4,3,3,5,4,4]},{"name":"G-toy-196","category":"toy","price":23.58,"ratings":[4,4,1,2,5,4,3,1,0,2,4,3,4,5,0,0,3]},{"name":"C-clothing-197","category":"clothing","price":35.43,"ratings":[3,1,4,3,5,4,3,1,1,5,4]},{"name":"C-toy-198","category":"toy","price":44.11,"ratings":[2,4,0,5,2,1,1,3,5,3,2,2,1,3,1,3,4,0]},{"name":"G-food-199","category":"food","price":43.93,"ratings":[4,5,1,3,2,3,5,3,0,5,3,5,2,2,5,3,4,4]},{"name":"D-digital-200","category":"digital","price":6.61,"ratings":[3,4,4,4,0,1,4,4]},{"name":"B-food-201","category":"food","price":33.09,"ratings":[5,3,2,3,5,3,0,3,1,5,2,2]},{"name":"E-book-202","category":"book","price":42.63,"ratings":[5,0,1,5,2,2,0,3,1,0,5,1,4,2,5,5,2,1]},{"name":"D-book-203","category":"book","price":0.29,"ratings":[5,3,4,3,4,2,3,3,3,3,2,1,4,1,3,3,1,4,4,2,5,4]},{"name":"E-book-204","category":"book","price":22.98,"ratings":[3,4,3,1,2,3,2,1,3,4,3,5,5]},{"name":"C-toy-205","category":"toy","price":34.82,"ratings":[5,4,1,2,1,2,0,1,4,3,2,2,3]},{"name":"D-digital-206","category":"digital","price":23.89,"ratings":[4,1,1,1,4]},{"name":"A-clothing-207","category":"clothing","price":7.05,"ratings":[4,1,3,4]},{"name":"A-book-208","category":"book","price":0.83,"ratings":[3,5,1,1,1,2,3,1,4,0,1]},{"name":"G-food-209","category":"food","price":1.85,"ratings":[1,0,0,1,3,5]},{"name":"A-toy-210","category":"toy","price":44.5,"ratings":[4,3,5,2,4,2]},{"name":"D-book-211","category":"book","price":28.24,"ratings":[2,5,4,3,4,4]},{"name":"G-food-212","category":"food","price":28.68,"ratings":[4,2,4,2,0,0,3,4,4,4,3,5]},{"name":"C-book-213","category":"book","price":36.79,"ratings":[3,1,2,3,2,3,1,1,1,1,4,3,4,3,1,0,2,1,5,1,2,2,1,3,1,2]},{"name":"B-food-214","category":"food","price":47.19,"ratings":[3,4,2,0,4,3,1,4,2,3,4,2,2,3]},{"name":"D-food-215","category":"food","price":46.14,"ratings":[1,3,2,1,3,0,0,2,2,1]},{"name":"G-food-216","category":"food","price":8.62,"ratings":[1,4,2,3,5,1,1,3,2,1,3,0,4]},{"name":"G-toy-217","category":"toy","price":1.29,"ratings":[3,3,1,4]},{"name":"G-clothing-218","category":"clothing","price":37.99,"ratings":[1,0,5]},{"name":"A-book-219","category":"book","price":21.37,"ratings":[2,3,0,1,1,3,4,2,4,3,4,1,3,4,3,4,0,2,2,4,0]},{"name":"C-food-220","category":"food","price":49.8,"ratings":[3,2,1,1,1,1,0,2,4,3,1,4,4,5,0,3,3,5,4,1,1]},{"name":"E-book-221","category":"book","price":5.78,"ratings":[5,0,3,0,1,1,2,4,1]},{"name":"C-toy-222","category":"toy","price":8.61,"ratings":[1,1,3,4]},{"name":"G-book-223","category":"book","price":42.05,"ratings":[5,1,3,0,0,1,5,4,1,1,4,1,3]},{"name":"D-food-224","category":"food","price":18.11,"ratings":[2,3,2,3,4,5,0,5,1,5,1,0,5,4,4,4,2]},{"name":"B-digital-225","category":"digital","price":11.45,"ratings":[2,2,4,4,2,3,3,2,1,0,4,1,4,4,2,4,2,3]},{"name":"D-food-226","category":"food","price":18.81,"ratings":[3,4,3,0,2,3,2,1,2,3,1,4,1,0,2,2,4,1]},{"name":"B-food-227","category":"food","price":22.73,"ratings":[4,0,2,2,2,5,0,3,3,3,4,2,5,1,1,4,1,3,2,4,3,1,4,2]},{"name":"B-food-228","category":"food","price":28.54,"ratings":[2,1,3]},{"name":"C-digital-229","category":"digital","price":25.56,"ratings":[2,0,5,3,2,3,5,4,4]},{"name":"G-food-230","category":"food","price":30.97,"ratings":[0,3,3,5,2,3,3,2,1,2,1,1,3,3,5]},{"name":"C-clothing-231","category":"clothing","price":49.29,"ratings":[0,5,4,1,2,2,4,2,3,2,0]},{"name":"B-clothing-232","category":"clothing","price":26.25,"ratings":[5,4,4,2,2,0]},{"name":"B-food-233","category":"food","price":21.26,"ratings":[1,1,3]},{"name":"E-book-234","category":"book","price":49.07,"ratings":[3,4,2,3,2,4,3,4,1,0,4,3,1,1,5,1,4,1,1,1]},{"name":"E-food-235","category":"food","price":0.04,"ratings":[3,1,3,4,2,5]},{"name":"A-toy-236","category":"toy","price":12.99,"ratings":[4,1,3,4,2,2,5,2,4]},{"name":"B-clothing-237","category":"clothing","price":38.31,"ratings":[4,4,1,3,4]},{"name":"C-clothing-238","category":"clothing","price":20.78,"ratings":[4,2,1,3,3,0,5,1,0,2,4,0,1,3,5,4,5]},{"name":"A-food-239","category":"food","price":6.11,"ratings":[3,2,2,1,3,3,2,0,4,5,1,5,4,1]},{"name":"B-digital-240","category":"digital","price":40.72,"ratings":[2,1,3]},{"name":"A-digital-241","category":"digital","price":23.58,"ratings":[4,3,1,5,4,5,4,1,4,2,0,2,0,1,5,3,1,1,2,4,0,1,3,3,0,4]},{"name":"C-clothing-242","category":"clothing","price":27.75,"ratings":[1,2,5,4,3,1,0,1,4,3,5,4,5,2]},{"name":"C-book-243","category":"book","price":33.01,"ratings":[0,1,0,5,4,2,4,1]},{"name":"D-food-244","category":"food","price":31.2,"ratings":[5,1,2,1,1,2,1,2,4,0,2,4]},{"name":"C-digital-245","category":"digital","price":1.93,"ratings":[0,4,4,2,5,4,4]},{"name":"D-food-246","category":"food","price":29.34,"ratings":[3,4,5,4,1,2,4,3,3,4,0,3,1]},{"name":"C-digital-247","category":"digital","price":46.87,"ratings":[2,3,5,3]},{"name":"B-clothing-248","category":"clothing","price":19.16,"ratings":[5,3,3,4,4,2,1,4,1,5,1,1,0,4,4,2,2,3,3,5,2,4,4,2,2]},{"name":"D-book-249","category":"book","price":13.78,"ratings":[2,1,0,3]},{"name":"B-digital-250","category":"digital","price":40.98,"ratings":[1,3,1,2,3,1,4,2,1,1,1,3,1,5,2,1,4,4,3,1,0,3]},{"name":"B-toy-251","category":"toy","price":26.04,"ratings":[5,1,1,3,5,1,2,4,2,1,3,1,3,2,1,2,2,1,3,4,1,4]},{"name":"C-food-252","category":"food","price":42.49,"ratings":[3,5,0,3,2,2,2,5,5]},{"name":"C-food-253","category":"food","price":20.41,"ratings":[1,1,3,4,4,2,2,1,2,2,0,1,2,3,2,3]},{"name":"D-book-254","category":"book","price":15.72,"ratings":[4,3,3]},{"name":"B-book-255","category":"book","price":1.82,"ratings":[3,2,1,1,2,3,1,2,0]},{"name":"C-clothing-256","category":"clothing","price":4.32,"ratings":[4,2,1,0,0,1,4,4,2,4,3,1]},{"name":"D-book-257","category":"book","price":12.38,"ratings":[4,2,4,1,4,2]},{"name":"G-toy-258","category":"toy","price":20.1,"ratings":[4,4,2,0,5,2]},{"name":"G-toy-259","category":"toy","price":24.94,"ratings":[3,2,2,0,2,0,3,4,2,5,4,4,1,3,2,2,4,0,1,4,4,2,1,4,3,1,5,2,4,3]},{"name":"C-digital-260","category":"digital","price":37.58,"ratings":[3,3,4,2,0,0,1,5,5,5,2,4,4,3,1,3,0,4]},{"name":"A-digital-261","category":"digital","price":21.21,"ratings":[5,4,4]},{"name":"G-food-262","category":"food","price":27.13,"ratings":[0,4]},{"name":"D-food-263","category":"food","price":7.95,"ratings":[3,4,4,1,5,5,2,3,1,4,3,4]},{"name":"G-food-264","category":"food","price":43.45,"ratings":[5,1,0,5,3,1,3,5,3,3,5,1]},{"name":"G-book-265","category":"book","price":40.89,"ratings":[4,3,2,3,1,1,2,2,4,3,2,0,2,3,2,2,2,1]},{"name":"A-clothing-266","category":"clothing","price":40.67,"ratings":[2,3,5,3,0,3,0,3,1,1,1,2]},{"name":"C-clothing-267","category":"clothing","price":26.26,"ratings":[4,4,2,1,4,2,0,0,3,0,2,2,1,3]},{"name":"B-book-268","category":"book","price":10.54,"ratings":[2,5,0]},{"name":"G-clothing-269","category":"clothing","price":25.75,"ratings":[1,5,0,4,5,1,3,4,3,4,2,2,5,3,5,2,4,4,4]},{"name":"A-toy-270","category":"toy","price":31.33,"ratings":[4,5,1,2,2,2,4,2,1,2,4,0,1,3,5,1,1,5,0,3,2]},{"name":"E-digital-271","category":"digital","price":12.46,"ratings":[1,1,1,5,5,5,0]},{"name":"C-toy-272","category":"toy","price":24.51,"ratings":[4,2,3,4,4,5,2,2,2,0,3,4,4,2,3,2]},{"name":"E-book-273","category":"book","price":46.91,"ratings":[2,5,4,4,0,2,1]},{"name":"G-food-274","category":"food","price":12.25,"ratings":[2,3,1,3,1,1,5,3,1,4,1,4,2,3,1,4,2,3,3,3,1,1,4,3,4,2,4,4,2,1,2,2,0,4]},{"name":"D-toy-275","category":"toy","price":32.61,"ratings":[1,3,4,2,2,1,1,0,5,4,3,2,2,3,1,3,3,1,2,0,5,1,3,1,2]},{"name":"A-food-276","category":"food","price":19.07,"ratings":[1,2,2,3,0,4,2,4,5,4,2,1,1,5,1]},{"name":"B-clothing-277","category":"clothing","price":34.05,"ratings":[4,2,3,2,0,1,2]},{"name":"A-toy-278","category":"toy","price":44.69,"ratings":[2,3,2,1,5]},{"name":"G-clothing-279","category":"clothing","price":3.79,"ratings":[1,3,4,2,0,2,1,2,3]},{"name":"A-digital-280","category":"digital","price":30.12,"ratings":[1,4,1,3,5,2,2,1,4,3,1,4,4,4,2,4,4,5,0,2,3,4,4,2]},{"name":"E-book-281","category":"book","price":46.73,"ratings":[3,4,1,2,5,4,4,1,4,3,4,4,4]},{"name":"G-clothing-282","category":"clothing","price":10.74,"ratings":[2,2,2,1,5,4,2,2,2,3,2,1,1,2,2,4,4]},{"name":"E-toy-283","category":"toy","price":6,"ratings":[1,0,2,3,1,1,5,0,3,1,1,0,2,1,2,4,1,2,2,1,1]},{"name":"C-book-284","category":"book","price":10.02,"ratings":[1,3,1,1,3,3,2,0,1,5,3]},{"name":"D-book-285","category":"book","price":27.02,"ratings":[2,4,3,0]},{"name":"D-digital-286","category":"digital","price":32.49,"ratings":[1,2,0,3,1,2,2,2,5,3,4,5,3,3]},{"name":"B-digital-287","category":"digital","price":39.72,"ratings":[4,3,2,1,4,2,4,3,1]},{"name":"B-clothing-288","category":"clothing","price":12.66,"ratings":[4,4,4,0,3,2,0,3,5,4,2,4,3]},{"name":"D-clothing-289","category":"clothing","price":9.19,"ratings":[2,2,0,4,3,2,3,4,5,3,0,1,3]},{"name":"E-clothing-290","category":"clothing","price":38.25,"ratings":[4,1,4,4]},{"name":"B-clothing-291","category":"clothing","price":5.66,"ratings":[4,2,1,2,0,0]},{"name":"B-book-292","category":"book","price":3.57,"ratings":[4,3,1,0,3]},{"name":"G-toy-293","category":"toy","price":11.49,"ratings":[5,2,4,3,1,5,4,5,4,1,4,0,3,4,2,4]},{"name":"B-toy-294","category":"toy","price":30.82,"ratings":[4,4,1,4,4,1,2]},{"name":"B-clothing-295","category":"clothing","price":15.8,"ratings":[5,3,4,2,1,4,4,3,2,3,4,3]},{"name":"D-book-296","category":"book","price":32.57,"ratings":[1,2,4,1,2,2,2,2,1,5]},{"name":"B-food-297","category":"food","price":30.38,"ratings":[2,2,1,0,3,4]},{"name":"A-toy-298","category":"toy","price":20.74,"ratings":[5,4,4,1,2,5,5]},{"name":"C-book-299","category":"book","price":47.56,"ratings":[1,1,4,1,1,4]},{"name":"A-toy-300","category":"toy","price":36.82,"ratings":[5,0,4,5,2,4,2,1]},{"name":"G-digital-301","category":"digital","price":14.19,"ratings":[5,4,0,1,3,5,3,1,5,1,1,4,4,0,1,2,4,1]},{"name":"C-book-302","category":"book","price":23.3,"ratings":[5,3,3,4]},{"name":"E-toy-303","category":"toy","price":44.76,"ratings":[3,2,3,1,3]},{"name":"A-clothing-304","category":"clothing","price":42.71,"ratings":[4,4]},{"name":"B-toy-305","category":"toy","price":46.75,"ratings":[2,2,3,1,3,2,1,1,3,2,1,3,0,1,0,0,4,3]},{"name":"D-food-306","category":"food","price":46.74,"ratings":[4,3,4,3,3,2,5]},{"name":"A-clothing-307","category":"clothing","price":45.6,"ratings":[4,1,5,3,4,4,2,2,4,3,3,2]},{"name":"C-clothing-308","category":"clothing","price":20.57,"ratings":[3,2,4,2,1,4,1,1,1,5,3,1,3,5,1,1]},{"name":"G-toy-309","category":"toy","price":16,"ratings":[3,4,1,4,4,3,4]},{"name":"C-book-310","category":"book","price":12.26,"ratings":[1,4,4,1,0,1,0,2,3,4,2]},{"name":"C-book-311","category":"book","price":39.2,"ratings":[5,5,4,2,5,4,3,3,4,2]},{"name":"G-food-312","category":"food","price":20.5,"ratings":[4,2,4,0,2,4,3,4,2,2,1,3,0,5,1,4,5,4,1,0,4,4,1,1,1]},{"name":"B-digital-313","category":"digital","price":4.34,"ratings":[4,1,1,0,4,2,1,1,2,1,3,4,1,3,2,4,4,3,4,2,1,1,2,2]},{"name":"G-digital-314","category":"digital","price":35,"ratings":[3,3,1,3,4,2,2,4,4,1,3,5,1,1,1,5,0,5]},{"name":"D-book-315","category":"book","price":44.94,"ratings":[1,4,2,4,1,3,4,2,5,3,2,1,4]},{"name":"D-book-316","category":"book","price":18.2,"ratings":[3,0,1,4,0,1,5,1,4,4,4,3,2,1]},{"name":"E-toy-317","category":"toy","price":1.29,"ratings":[0,4,0,1,4,1,2,3,4,4]},{"name":"D-food-318","category":"food","price":22.01,"ratings":[2,5,4,2,5,2,2,4,5,2,4]},{"name":"C-digital-319","category":"digital","price":34.35,"ratings":[1,2,0,2,3,4,4,4,3,3,4,0,4,3,3,3,4,4,2,4,5,4,3]},{"name":"E-clothing-320","category":"clothing","price":19.43,"ratings":[3,4,2,2,3,2,5,4,3,2,4,5,3,3,2,1,5,4,0,1]},{"name":"A-food-321","category":"food","price":42.97,"ratings":[4,2,3,3,1,4,1,2,3,3,2,5,1,1,0,4,4,2]},{"name":"G-toy-322","category":"toy","price":46.34,"ratings":[2,3,3,0,5,4,3,0,3,3,3]},{"name":"E-book-323","category":"book","price":23.08,"ratings":[1]},{"name":"D-clothing-324","category":"clothing","price":23.3,"ratings":[3,3,2,3,1,3,0,1,3,4,3,2,0,3,3,5,3,2,5,1,3]},{"name":"B-digital-325","category":"digital","price":9.84,"ratings":[1,0,3,2,1,3,3,2,2,2,3,2,4,2]},{"name":"C-book-326","category":"book","price":44.64,"ratings":[5,2,1,3,5,3,5,1,0,4,4,3,0,2,1,4,5,3,4,3,3,3]},{"name":"B-toy-327","category":"toy","price":29.42,"ratings":[0,2,2,0,1,1]},{"name":"E-toy-328","category":"toy","price":40.69,"ratings":[5,3,4,1,0,5,3,0,5,4,1,2,5,3,3,3,0,2,3,1,2,4,1,4]},{"name":"G-food-329","category":"food","price":0.04,"ratings":[2,1,2,4,1,1,1,5,2,5,4,2,2,4,1,4,1,5,5]},{"name":"A-food-330","category":"food","price":28.39,"ratings":[0,1,4,2,2,3,3,3]},{"name":"B-clothing-331","category":"clothing","price":17.55,"ratings":[1,4,4,5,4,4,2,1,2,0]},{"name":"B-toy-332","category":"toy","price":1.31,"ratings":[3,2,4,3,2,0,3,2,4,3,2,3,3,3,5,3,5,2,1,1]},{"name":"B-clothing-333","category":"clothing","price":0.32,"ratings":[4,0,1,3,2]},{"name":"A-toy-334","category":"toy","price":12.31,"ratings":[2,4,2,1,4,4,5,0,2,4,1,4]},{"name":"E-toy-335","category":"toy","price":38,"ratings":[5,2,2]},{"name":"G-book-336","category":"book","price":0.07,"ratings":[1,5,3,0,2,4]},{"name":"G-book-337","category":"book","price":30.24,"ratings":[3,1,4,5,5,5,4,3]},{"name":"G-book-338","category":"book","price":49.25,"ratings":[4,4,3,3,3,4,3,3,4,0,2,2,2,4,3]},{"name":"D-toy-339","category":"toy","price":44.12,"ratings":[3,1,1,4,4,4,1,1,4,1,2,1]},{"name":"G-digital-340","category":"digital","price":17.95,"ratings":[5,1,0,2,4,4,2,4,3,3,3,4,1,1,5,2,3,5,3,2,1,0,5]},{"name":"A-toy-341","category":"toy","price":34,"ratings":[2,4,1,3,3,1,3,1,1,3,3]},{"name":"B-book-342","category":"book","price":7.1,"ratings":[5,4,1,1,4,0,3]},{"name":"D-book-343","category":"book","price":37.91,"ratings":[2,4,3,4,3]},{"name":"E-book-344","category":"book","price":36.05,"ratings":[0,5,4,1,2,0,3,4,1]},{"name":"G-clothing-345","category":"clothing","price":31.02,"ratings":[4,2,5,0,0,4,2,3,1,2,1,5,1,1,1]},{"name":"D-toy-346","category":"toy","price":44.8,"ratings":[2,1,1,4,2,0]},{"name":"B-digital-347","category":"digital","price":16.87,"ratings":[3,5,0,4,2,1,3,4,4,0,5,2,1,1,1,3,1,4]},{"name":"A-toy-348","category":"toy","price":27.12,"ratings":[3,4,2,2,4,0,2,3,3,2,2,3,3,5,2,1]},{"name":"B-food-349","category":"food","price":4.15,"ratings":[0,4,4]},{"name":"D-food-350","category":"food","price":23,"ratings":[2,1,5,4,3,4]},{"name":"B-toy-351","category":"toy","price":19.47,"ratings":[2,5,4,1,1,1,2,0,5,4,2,2,4,2,0,4,4,1,2,0,2,2,1,2,2,0]},{"name":"C-toy-352","category":"toy","price":0.93,"ratings":[2,5,2,1,3,0,4,3,5,2,2,0]},{"name":"A-book-353","category":"book","price":11.52,"ratings":[3,0,3,4,5,1,3,2,4,4]},{"name":"C-food-354","category":"food","price":18.04,"ratings":[1,0,3,4,2,1,3,5,5,1,1]},{"name":"E-food-355","category":"food","price":43.81,"ratings":[1,1,5,1,4,2,0]},{"name":"D-book-356","category":"book","price":30.88,"ratings":[2,3,4,3,3,4,4,0,1,0,2,2,0,0]},{"name":"E-toy-357","category":"toy","price":19.61,"ratings":[2,1,1,0,5,4,1,1,3,1,2,3,0,1,4,5,3,1,2,3]},{"name":"A-food-358","category":"food","price":43.01,"ratings":[3,0,1,1,4,3,1,3,4,4]},{"name":"C-digital-359","category":"digital","price":47.72,"ratings":[2,4,3,1,3,2,3,3,2,2,4,1,1,5,2,3,0,0,5,2,4]},{"name":"A-food-360","category":"food","price":19.43,"ratings":[4,5,2,1,0,4,4,3,1,1,1]},{"name":"A-clothing-361","category":"clothing","price":13.21,"ratings":[1,1,3,3,1,4,3,5,3,1,1,4,3]},{"name":"A-toy-362","category":"toy","price":34.76,"ratings":[3,2,3,1,2,5,3,2,3,3,1,2,3,3,1,1]},{"name":"G-book-363","category":"book","price":38.71,"ratings":[2,1,2,1,2,4,3,4,0,3]},{"name":"G-clothing-364","category":"clothing","price":9.25,"ratings":[0,1,1,5,2,4,2]},{"name":"D-toy-365","category":"toy","price":40.41,"ratings":[1,5,2,1,4]},{"name":"A-book-366","category":"book","price":39.36,"ratings":[2,4,4,3,2,4,3,3]},{"name":"A-digital-367","category":"digital","price":36.45,"ratings":[0,1,4,3,1,4,4,2]},{"name":"C-toy-368","category":"toy","price":25.51,"ratings":[3,1,4,1,1,4,4,1,0,1,3,3,3,4,1,3,4,2,2,1,4,3,1]},{"name":"E-food-369","category":"food","price":31.09,"ratings":[2,2,2,1,2,0,5,5,0,4,3]},{"name":"C-food-370","category":"food","price":27.48,"ratings":[3,0,5,3,1,1,3,1,4,3,3,0,2,4,3,3,1,2]},{"name":"B-book-371","category":"book","price":33.67,"ratings":[1,2,4,4,5]},{"name":"E-book-372","category":"book","price":40.31,"ratings":[3,4,2,1,4,3,1,4,1]},{"name":"A-toy-373","category":"toy","price":7.22,"ratings":[0,1,0,1,3,4,3,2,0]},{"name":"G-toy-374","category":"toy","price":10.84,"ratings":[4,1,3,3,4,5,2,5,3,0,2,1,3,4,2]},{"name":"D-digital-375","category":"digital","price":6.71,"ratings":[2,1,1,2,2,4,3,1,3,3,0,4,3,5,2,3,3,5,1,2,3,4,0,1,2,0,3,1,2]},{"name":"C-food-376","category":"food","price":47.5,"ratings":[3,1,2,2,5,3,5,2,2,5,1,5,1,4,0,4,2,4,3,4,1,0]},{"name":"D-toy-377","category":"toy","price":43.02,"ratings":[4,2,0,1,1,1,2,4,3,4,4,4]},{"name":"C-food-378","category":"food","price":30.65,"ratings":[2,4,4,3,2,4,4]},{"name":"G-clothing-379","category":"clothing","price":3.49,"ratings":[0,2,1,0,2,1,4,3,0,1,4,0,1,3,4,3,2,3]},{"name":"G-toy-380","category":"toy","price":46.33,"ratings":[2,1,2,0]},{"name":"G-toy-381","category":"toy","price":30.77,"ratings":[4,1,2,1,4,4,2,5,3,3]},{"name":"D-food-382","category":"food","price":39.22,"ratings":[2,2,3,3,3,4,1,4,2,0,2,2,0,0,2,1]},{"name":"E-food-383","category":"food","price":34.66,"ratings":[0,2,3,1,4,3,3,4,2,3,2,0,5,0,1,1,3,4,5,0,4,1,1,0,4,2,1]},{"name":"A-food-384","category":"food","price":46.55,"ratings":[3,0,2,3,4,2,1,4,3,5,1,3,4]},{"name":"A-digital-385","category":"digital","price":24.72,"ratings":[3,3,1,1,2,2,3,3,3,3,1,4,4,3,4,5]},{"name":"D-clothing-386","category":"clothing","price":38.55,"ratings":[1,4,2,4,0,0,1,4,2,3,3,2]},{"name":"E-clothing-387","category":"clothing","price":44.75,"ratings":[0,3,1,0,5,2,2,0,3,3,1,2,1]},{"name":"G-book-388","category":"book","price":44,"ratings":[3,4,4,5,3,3]},{"name":"E-book-389","category":"book","price":8.23,"ratings":[2,3,3,4,0,5,2,2,2,1,2,0,3]},{"name":"G-book-390","category":"book","price":31.27,"ratings":[1,4,3,2,4,3,4,0,2,2,4]},{"name":"D-clothing-391","category":"clothing","price":29.19,"ratings":[2,2,4,4,4,4,3,2,2,2,2]},{"name":"B-digital-392","category":"digital","price":35.17,"ratings":[4,2,5,4,1,5,5,3,1]},{"name":"C-digital-393","category":"digital","price":6.9,"ratings":[3,1,3,1,2,1,3,0,3,3,1,4,2,2,4,0,4]},{"name":"B-digital-394","category":"digital","price":38.99,"ratings":[5,1,2,4,2,3,4,5,0,3,1,3,0,1,3,3,0,1,0,4]},{"name":"C-clothing-395","category":"clothing","price":19.7,"ratings":[2,3,2,2,3,4,2,3,3,0,2,2,3]},{"name":"A-clothing-396","category":"clothing","price":42.92,"ratings":[1,1,4,4,3,1,4,1]},{"name":"E-toy-397","category":"toy","price":40.98,"ratings":[3,0,2,3,1,4,1,2,4]},{"name":"C-clothing-398","category":"clothing","price":17.22,"ratings":[4,1,1,1,2,4]},{"name":"A-toy-399","category":"toy","price":41.1,"ratings":[4,2,2]},{"name":"C-food-400","category":"food","price":31.86,"ratings":[3,5,1,4,3,4,2,3]},{"name":"D-clothing-401","category":"clothing","price":44.54,"ratings":[1,1]},{"name":"D-clothing-402","category":"clothing","price":33.43,"ratings":[0,2,2,3,4,1,0,3,2,2,3,3,0]},{"name":"B-food-403","category":"food","price":34.48,"ratings":[0,2,4,3,3,2,2,1,3,4,0,3,1,1,3,2,0,1,5]},{"name":"C-book-404","category":"book","price":26.77,"ratings":[2,1,1,5,1,4,2,3,4,2,3,4,1,0,1,5,3,2]},{"name":"G-digital-405","category":"digital","price":44.79,"ratings":[5,3,4,0,2,5,1,3,2,3,5,1,3,4,4,4]},{"name":"E-digital-406","category":"digital","price":44.23,"ratings":[5,2,5,0,2,4,1,3,1,1,4,2]},{"name":"G-book-407","category":"book","price":10.54,"ratings":[4,1,1,4,2,4,4,3,3,3,3,0,1,3,1,2]},{"name":"C-food-408","category":"food","price":14.2,"ratings":[2,5,4,4,5,3,0,2,4,0,0]},{"name":"A-book-409","category":"book","price":41.46,"ratings":[3,1,3,1,3,4,3,0]},{"name":"C-book-410","category":"book","price":11.81,"ratings":[4,2,5,4,4,5,3]},{"name":"D-food-411","category":"food","price":47.65,"ratings":[2,0,1]},{"name":"G-book-412","category":"book","price":10.9,"ratings":[3,3,4,0,2,2,3,0,4,1,4,3,3,2,2,3,0,4]},{"name":"B-food-413","category":"food","price":19.92,"ratings":[0,1,1,4,2,5,3,1,2,4]},{"name":"E-food-414","category":"food","price":9.53,"ratings":[2,1,2,1,5,3,2,2,1,4,2,4,5,3,1,0,0,1,3,3,3]},{"name":"D-food-415","category":"food","price":7.21,"ratings":[3,3,1,2,1,3,3,4,1,1,1,5,3,2,2,5,3,0]},{"name":"D-toy-416","category":"toy","price":1.74,"ratings":[4,2,1,3]},{"name":"B-toy-417","category":"toy","price":9.2,"ratings":[4,2,4,4,2,1,2,1,5,0,1,1,2,3,4,5,2,3,2,0,4,1]},{"name":"E-book-418","category":"book","price":18.98,"ratings":[3,5,4,4,0,4,5,3,1,3,4,3,2,0,3,1,4,2,1,1,2,1,0,2,3,0,3,2,3]},{"name":"A-food-419","category":"food","price":23.23,"ratings":[3,0,4,1,4,0,2]},{"name":"C-digital-420","category":"digital","price":22.35,"ratings":[5,3,2,2,1,1,1,3,3,2,5,1,0,5,3,5,2]},{"name":"G-digital-421","category":"digital","price":4.26,"ratings":[3,1,1,2,2,4]},{"name":"A-clothing-422","category":"clothing","price":0.82,"ratings":[3,2,0,4,4,1,3,3,2,3,3]},{"name":"A-digital-423","category":"digital","price":28.45,"ratings":[5,3,3,4,3,1,3,4,5,3,5,2,2,1,4,0,2,0,2,0,4,4,3,3,1,4,0,2]},{"name":"A-book-424","category":"book","price":32.24,"ratings":[3,4,4,3,1,4,2,3,2,4]},{"name":"D-clothing-425","category":"clothing","price":15.73,"ratings":[2,2,1,3,2,2,3,2,1,2,1,3,0,2,2,4,1,1]},{"name":"A-toy-426","category":"toy","price":1.99,"ratings":[3,4,1,3,2,3,5,3,4,1,3,3,4,0,0]},{"name":"B-food-427","category":"food","price":24.28,"ratings":[3,2,1,0,2,1,2,1,2,2,3]},{"name":"A-toy-428","category":"toy","price":48.06,"ratings":[4,5,4,5,4,4,1]},{"name":"B-clothing-429","category":"clothing","price":9.72,"ratings":[2,1,2,3,1,2,1,0,5,3,3,4,3,4,1,1,1,4,4,3,1,0,5]},{"name":"E-food-430","category":"food","price":42.3,"ratings":[4,1,0,3,2,4,4]},{"name":"E-digital-431","category":"digital","price":30.74,"ratings":[5,0,4,2,0,3,3,3,1,0,2,0]},{"name":"C-toy-432","category":"toy","price":49.9,"ratings":[0,0,4,3,4,2,2,1,3,1,3,2,3,5,5,3,1,4,3,2,4,2]},{"name":"G-digital-433","category":"digital","price":23.82,"ratings":[0,1,3,1,3,5,0,0,0,1,2,2,2,2,0,1,2]},{"name":"B-book-434","category":"book","price":19.83,"ratings":[0,4,1,0,2,2,4,1,3,4,2,4,1]},{"name":"C-toy-435","category":"toy","price":25.45,"ratings":[3,2,2,2,4,1,2,2,3,2,3,1,3]},{"name":"G-digital-436","category":"digital","price":43.43,"ratings":[1,4,4,5,3,4,2,2,3,1,1,3,1,1,4,4,0]},{"name":"C-toy-437","category":"toy","price":41.98,"ratings":[3,3,4,3,4,0,3,3,2,4,2,1,4,0,5,3]},{"name":"A-digital-438","category":"digital","price":28.68,"ratings":[0,1,1,3]},{"name":"C-toy-439","category":"toy","price":47.84,"ratings":[2,3,1,4,1,1,2,1,2,4,4]},{"name":"B-clothing-440","category":"clothing","price":43.3,"ratings":[3,3,2,4,3,0]},{"name":"B-book-441","category":"book","price":25.38,"ratings":[1,3,4,2,4,1,2]},{"name":"B-food-442","category":"food","price":27.67,"ratings":[3,2,3,2,5,4,3,5,0,4,2,2,2,2,4,3,2,5,0,5,2,4,2,2,4]},{"name":"E-clothing-443","category":"clothing","price":30.13,"ratings":[0,4,3,1,1,4,0,2,3,4,1,3,0,1]},{"name":"E-food-444","category":"food","price":44.52,"ratings":[3,3,4,3,1,0,2,1,1]},{"name":"A-clothing-445","category":"clothing","price":11.24,"ratings":[1,0,5,5,5,3,5,5,4,4,2,3,1,3,3]},{"name":"B-book-446","category":"book","price":3.97,"ratings":[0,3,3,4,5,2,1,3,1,4,4,0]},{"name":"G-clothing-447","category":"clothing","price":0.21,"ratings":[1,5,2,0,4,4,2,3,1,2]},{"name":"G-toy-448","category":"toy","price":18.16,"ratings":[5]},{"name":"B-clothing-449","category":"clothing","price":10.26,"ratings":[0,1,1,4,4,4,3,0]},{"name":"C-book-450","category":"book","price":19.81,"ratings":[3,1,2,3,4,3,4,1,1,5,4,0,3,4]},{"name":"E-book-451","category":"book","price":36.53,"ratings":[0]},{"name":"C-toy-452","category":"toy","price":48.61,"ratings":[4,3,1,2,3,2,3,2,3,0,2,1,2,2,3,2,4,1,1,2,3,5,3]},{"name":"G-food-453","category":"food","price":23.63,"ratings":[5,3,4,2,0,2,1,2,0,5,1]},{"name":"D-toy-454","category":"toy","price":16.06,"ratings":[3,4,2,3,4,1,3]},{"name":"G-clothing-455","category":"clothing","price":30.17,"ratings":[1,2,2,4,2,2,4,1,0,4,4,4,0,2,5,3,4,2]},{"name":"D-clothing-456","category":"clothing","price":42.91,"ratings":[1,5,4,0,1,1,3,2,1,2,2]},{"name":"G-digital-457","category":"digital","price":39.59,"ratings":[3,4,4]},{"name":"A-toy-458","category":"toy","price":13.73,"ratings":[2,1,1,2,0,2,3,4,0,1]},{"name":"C-food-459","category":"food","price":34.12,"ratings":[2,4,4,1,0,3,0,2,2,1,3,2,2,2,2,1,4]},{"name":"B-clothing-460","category":"clothing","price":23.77,"ratings":[2,4,0,2]},{"name":"C-toy-461","category":"toy","price":13.64,"ratings":[3,5]},{"name":"C-food-462","category":"food","price":41.23,"ratings":[2,2,2,3,3,5,4,1,4,4,5,2,4,2,5,1,1,3,1,5]},{"name":"A-clothing-463","category":"clothing","price":22.76,"ratings":[2,4,4,4,3,4,1,4,1,5,1,3,2,3]},{"name":"G-toy-464","category":"toy","price":3.29,"ratings":[4,0,4,1,1,2,3,4,1,2,0,1]},{"name":"C-food-465","category":"food","price":11.24,"ratings":[4,3,5,1,3,5,2,3]},{"name":"G-food-466","category":"food","price":19.37,"ratings":[5,3,1]},{"name":"G-clothing-467","category":"clothing","price":20.07,"ratings":[4,4,2,2,2,5,4,4,2,5,0,1,1]},{"name":"C-toy-468","category":"toy","price":47.79,"ratings":[1,4,3,4,0,2,2,2,1,2,0,4,1,3,3]},{"name":"C-food-469","category":"food","price":35.53,"ratings":[1,1,2,1,0,5,2,0,1,4,4,0,1,3,1]},{"name":"D-clothing-470","category":"clothing","price":7.83,"ratings":[4,2,2,0,1,5,4,4,2,2,1]},{"name":"B-book-471","category":"book","price":33.03,"ratings":[2,5]},{"name":"A-toy-472","category":"toy","price":0.3,"ratings":[3,0,2,3,1,3,3,1,2]},{"name":"C-digital-473","category":"digital","price":37.69,"ratings":[1,4,2,1,3,3,4,1]},{"name":"E-toy-474","category":"toy","price":41.79,"ratings":[5,2,0,5,2,3,1,5,1,4,1,4,4,4,3,1,0,5,1,1]},{"name":"D-food-475","category":"food","price":30.36,"ratings":[2,5,2,5,3,2,1,1,0,5,4,4,1,4]},{"name":"B-food-476","category":"food","price":24.84,"ratings":[4,2,5,0,1,0,4,1,2,0,0,2,3,4]},{"name":"B-clothing-477","category":"clothing","price":15.84,"ratings":[2,4,0,5,4,3,2,5,3]},{"name":"A-toy-478","category":"toy","price":12.86,"ratings":[3,1,4,3,3,2,5,1,4,4,4,1]},{"name":"G-clothing-479","category":"clothing","price":32.31,"ratings":[5,1,3,1,4,4,3,1,5,5,4,3,3,3,2,5]},{"name":"D-food-480","category":"food","price":43.04,"ratings":[3,3,5,1,4,3,3,1,1,2,2,2,0,1,0,5]},{"name":"D-book-481","category":"book","price":46.85,"ratings":[1,4,2,5,3,4,2,3,3,2]},{"name":"E-toy-482","category":"toy","price":40.9,"ratings":[3,3,2,4,5,4,1,0,5,2,2,2,1,4,1,5,3,1,4,3,5]},{"name":"C-food-483","category":"food","price":0.37,"ratings":[5,3,3,4,2,4,2,0,3,1]},{"name":"E-clothing-484","category":"clothing","price":5.75,"ratings":[0,3,4,4,4,3,0,3,2,2,3,2,0]},{"name":"D-toy-485","category":"toy","price":31.23,"ratings":[1,3,1,0,3,5,4,0,2,4,4,4,5,1,0,0,2,4,3,1,4,2,2,4,2,1]},{"name":"E-toy-486","category":"toy","price":30.5,"ratings":[3,2,3,3,1,3,0,3,3,1,4,3,1,1,2,4,1,4,1,1]},{"name":"G-food-487","category":"food","price":32.27,"ratings":[5,4,3,1,0,3,3,2,1,3,2,2,4,3,2,3,4]},{"name":"B-clothing-488","category":"clothing","price":43.72,"ratings":[2,5,3,4,3,2,3,1,0,5,4,0,1,2,3,1,2,4,0,0]},{"name":"E-food-489","category":"food","price":4.69,"ratings":[2,3,1,2]},{"name":"D-digital-490","category":"digital","price":28.89,"ratings":[2,0,2,4,2,2,5,3,3,3,1,3,2,1,4,1,4,1,2,0]},{"name":"C-clothing-491","category":"clothing","price":9.13,"ratings":[3,5,1,1,3,4,1,2,1,3,3,2,0,2,1,1]},{"name":"A-toy-492","category":"toy","price":22.74,"ratings":[4,4,4,4,1,1,2,2,2,5,3,4,2,2,3]},{"name":"A-digital-493","category":"digital","price":20.18,"ratings":[1,3,5,2,1,3,1,2,3,1,3,5,0,3,4,3,5,3,0,0,2,1,3,4]},{"name":"D-book-494","category":"book","price":6.86,"ratings":[4,5,2,4,4,3,4,3,2,4,4]},{"name":"B-toy-495","category":"toy","price":34.71,"ratings":[1,3,2,3,1,1,1,4,4,4,4,2,1,2,3,0,2,2,3]},{"name":"A-food-496","category":"food","price":32.18,"ratings":[4,1,4,4]},{"name":"A-food-497","category":"food","price":7.85,"ratings":[4,5,2,1,3,3,0,3,3,3,3,4,0,4,1]},{"name":"A-book-498","category":"book","price":21.09,"ratings":[5,1,1,3,0,2,1,2,0,5,2,2,1,4,2,2,2]},{"name":"D-book-499","category":"book","price":10.12,"ratings":[2,3,2,2,1,2,2,3,4,4]},{"name":"B-book-500","category":"book","price":1.97,"ratings":[4,0,2,4,1,2,3,0,4,0,2,4,5,0,4,4,2]},{"name":"B-book-501","category":"book","price":47.87,"ratings":[2,0,3,4,3,1,2,4,2,4]},{"name":"C-book-502","category":"book","price":28.43,"ratings":[1,5,3,1,1,2,2,2,2,4]},{"name":"D-food-503","category":"food","price":5.16,"ratings":[5,4,3,4,3,1,4,2,4,0,1,4]},{"name":"C-toy-504","category":"toy","price":14.34,"ratings":[5,4,1,1,1,1,0,4,2,4,3,5,0,3,1,4,0,1]},{"name":"A-food-505","category":"food","price":25.32,"ratings":[2,3,2,0,3,4,5,3,1,1,0,2,5,1]},{"name":"E-clothing-506","category":"clothing","price":48.09,"ratings":[1,3,5,3,4,3,4,2,4,0,2,4,4,4,3,4,2,4,5,2,2,1,2]},{"name":"E-toy-507","category":"toy","price":33.38,"ratings":[1,2,5,2,3,1,2,2,1,2,1,0,1]},{"name":"G-toy-508","category":"toy","price":15.43,"ratings":[1,2,3,0,4,2,3,2]},{"name":"C-clothing-509","category":"clothing","price":36.99,"ratings":[4,5,4,5,3,2,4,5,4,3,2,1,0,2,1,3,3,1,1]},{"name":"E-clothing-510","category":"clothing","price":49.49,"ratings":[2,0,5,0,3,1,4,1,3,4,0,3,2,5,3,4,2,5,1,2,0,3]},{"name":"E-digital-511","category":"digital","price":46.12,"ratings":[4,4,3,0,2,0,2,3,1,4,1,2,2]},{"name":"B-food-512","category":"food","price":28.72,"ratings":[2,5,2,2]},{"name":"D-food-513","category":"food","price":25.64,"ratings":[1,4,3,4,2,2,3,2,3,4,2,3,4,2,1,3,2]},{"name":"G-digital-514","category":"digital","price":32.74,"ratings":[1,3,4,3,5,3,1,2,2,1,4]},{"name":"E-digital-515","category":"digital","price":7.93,"ratings":[5,1,3,2,4,1,3,5]},{"name":"D-food-516","category":"food","price":26.67,"ratings":[4,5,4,4,4,2,1,2,2,1,5,0,4,3,4,4]},{"name":"A-book-517","category":"book","price":38.8,"ratings":[2,3,4,3,5,2,5,4,3,3,2]},{"name":"C-toy-518","category":"toy","price":37.93,"ratings":[1,0,3,3,0,3,4,5,4,3,5,0,5,3,5,0,0,1,2,1,1,3,0]},{"name":"G-food-519","category":"food","price":41.96,"ratings":[1,1,4,2,0,2,2,4,3,1,3,3]},{"name":"B-toy-520","category":"toy","price":39.55,"ratings":[4,2,5,5,3,2,5,1,4,2]},{"name":"D-food-521","category":"food","price":9.21,"ratings":[1,2,3,4,2,2,0,1,0]},{"name":"E-book-522","category":"book","price":30.59,"ratings":[5,2,2,5,4,0,1,1,5,4,5,0,1,3,0,2]},{"name":"E-food-523","category":"food","price":5.22,"ratings":[4,3,4,1,0,0,1,1,1,5,1,3,5,0,2,3,4,3,1,1,1,4]},{"name":"E-digital-524","category":"digital","price":8.93,"ratings":[4,3,1,3,1,3,2,2,3,1]},{"name":"C-book-525","category":"book","price":28.71,"ratings":[0,3,5,2,4,2,2,2,4,3,4,0]},{"name":"D-food-526","category":"food","price":35.42,"ratings":[3,4,3,2,3,2,1,5,2,1,4,3,0,1,4]},{"name":"G-food-527","category":"food","price":25.52,"ratings":[4,4,2,2,5,1,4,4,3,2,2,1,3,4,4,5]},{"name":"E-food-528","category":"food","price":42.58,"ratings":[2,1,1,0,1]},{"name":"B-clothing-529","category":"clothing","price":39.78,"ratings":[1,4,4,0,5,4,2,1,1,4]},{"name":"B-clothing-530","category":"clothing","price":40.24,"ratings":[1,2,1,2,4,3,2,4,4,3,2,4,1,3]},{"name":"B-toy-531","category":"toy","price":20.94,"ratings":[3,4,5,4,3,4,2,4,1,4,2,4,2,4,1,2,1,2]},{"name":"G-digital-532","category":"digital","price":36.57,"ratings":[5,2,0,0,1,1,0,0,2,3,4,3,0]},{"name":"E-toy-533","category":"toy","price":37.25,"ratings":[1,5,4,2,3,3,3]},{"name":"D-book-534","category":"book","price":18.38,"ratings":[2,5,4,3,1,4,3,3,2,4,2,2,4,3,1,3,4,3]},{"name":"A-food-535","category":"food","price":3.07,"ratings":[4,3,0,1,0,4,1,4,2,3,2,2,4,5,4,2,3,3,0,4]},{"name":"G-food-536","category":"food","price":21.65,"ratings":[1,2,0,3,2,1,1,5,1,1,1,4,1,1]},{"name":"C-toy-537","category":"toy","price":40.55,"ratings":[0,1,1,1]},{"name":"G-food-538","category":"food","price":4.61,"ratings":[1,2,4,2,5,3,3,1,3,2,3,2,1,4,4,4,2,1,2,4,3,1,3]},{"name":"D-book-539","category":"book","price":15.18,"ratings":[3,0,1,3,3,4,5,3,1,4,4,3,5,4,5,1,2,3,3,5,1,2,4,2,1,1,5,2,5]},{"name":"E-digital-540","category":"digital","price":31.51,"ratings":[5,2,5,5,1,5,1,2,0,2,0,1,3,1,1,1,1,0,4,1]},{"name":"B-digital-541","category":"digital","price":0.95,"ratings":[1,3,3,5,0,5,3,0,3,3,3,4]},{"name":"E-book-542","category":"book","price":4.88,"ratings":[4,4,4,3,2,1,1,0,1,4,3,5]},{"name":"E-book-543","category":"book","price":36.45,"ratings":[2,3,4,1,0,2,0,0,5,2,1]},{"name":"A-book-544","category":"book","price":13.59,"ratings":[2,3,0,4,1,2,1,2]},{"name":"B-clothing-545","category":"clothing","price":30.61,"ratings":[5,5,3,4,3,2,3,1,4,3,2,4,5]},{"name":"G-digital-546","category":"digital","price":34.03,"ratings":[4,5,2,3,1,4,1,4,2,2,3]},{"name":"C-food-547","category":"food","price":25.3,"ratings":[2,2,4,0,3,4,4,4,3,2,4,1,4]},{"name":"B-book-548","category":"book","price":34.79,"ratings":[2,0,2,2,2,4,3,3,3,1]},{"name":"A-toy-549","category":"toy","price":22.27,"ratings":[3,3,0,1,3,2,1]},{"name":"C-digital-550","category":"digital","price":15.18,"ratings":[4,4,1,0,0,5,4,4,4]},{"name":"A-food-551","category":"food","price":16.11,"ratings":[1,4,4,2,0,4,3,4,5,5,0,1,0,4,3,4,4,3,3,2,2,4,5,3,3]},{"name":"D-clothing-552","category":"clothing","price":22.21,"ratings":[1,3,5,2,0,1,0]},{"name":"D-clothing-553","category":"clothing","price":30.57,"ratings":[5,0,0,5,3,1]},{"name":"C-book-554","category":"book","price":11.53,"ratings":[1,2,3,2,2,1,4,3,4,1,2,4]},{"name":"D-digital-555","category":"digital","price":48.23,"ratings":[3,3,4,4,2,0,1,1]},{"name":"E-book-556","category":"book","price":0.18,"ratings":[2,3,2,4,5,5,5,5,5,3,4,4,5,2,1,1,4,3]},{"name":"C-toy-557","category":"toy","price":32.71,"ratings":[2,2,2,4]},{"name":"D-clothing-558","category":"clothing","price":4.08,"ratings":[3,1,2,4,4,2,4,3,5,5,1,4,1,1,4,2]},{"name":"C-toy-559","category":"toy","price":0.41,"ratings":[3,4,1,2,3]},{"name":"D-clothing-560","category":"clothing","price":22.6,"ratings":[4,4,1]},{"name":"G-toy-561","category":"toy","price":25.95,"ratings":[4,4,1,2]},{"name":"E-book-562","category":"book","price":27.85,"ratings":[3,2,0,0]},{"name":"A-toy-563","category":"toy","price":2.89,"ratings":[2,4,3,3,1,1,0]},{"name":"A-food-564","category":"food","price":16.41,"ratings":[1,4,4,0,0]},{"name":"D-digital-565","category":"digital","price":12.1,"ratings":[5,0,5,3,2,5,1,1,3,0,4,3,2,2,4,5,1,3,3,2]},{"name":"D-book-566","category":"book","price":16.27,"ratings":[2,2,2,4,2,2,1]},{"name":"E-digital-567","category":"digital","price":7.99,"ratings":[2,4,3,4,5,4]},{"name":"A-book-568","category":"book","price":40.23,"ratings":[5,3,0,2,2,1,0,3,3]},{"name":"B-book-569","category":"book","price":8.86,"ratings":[5,1,1,1,5,3,3,1,2,4,4,4,4,2,0,1,2,4,4]},{"name":"D-book-570","category":"book","price":18.46,"ratings":[2,1,4,0,3,1,4,4,0,4,4,2,4,0,2]},{"name":"G-toy-571","category":"toy","price":41.1,"ratings":[3,4,0,3,4,0,2,2,3,3,1,1,4,0,2,0,3,4,3,4,4,4,5,3,3]},{"name":"E-digital-572","category":"digital","price":11.91,"ratings":[2,2,3,1,3,2,4,2,3,3,2,1,0,3,3,5,4,0,4,0,2,1,3]},{"name":"G-digital-573","category":"digital","price":4.06,"ratings":[3,1,5,0,2,2,1,4,0,4,4,0,5,3,4]},{"name":"G-clothing-574","category":"clothing","price":13.38,"ratings":[1,3,1,2,2,4,3,1,2,1,4,5,5,3]},{"name":"E-toy-575","category":"toy","price":43.7,"ratings":[2,4,3,0,5,4,5,2,1,4]},{"name":"A-digital-576","category":"digital","price":10.92,"ratings":[0,2,5,1,1,2,0,3,3,0,3,1,2,3,4,3,5,1,2]},{"name":"G-book-577","category":"book","price":4.68,"ratings":[1,4,2,1,5,4,3,2,1]},{"name":"B-toy-578","category":"toy","price":42.27,"ratings":[2,4,5,1,3,3,2,1,0,1,0,5,1]},{"name":"C-clothing-579","category":"clothing","price":37.68,"ratings":[4,2,3,4,3,4,4,2,5,1,3,2,5,1,2,3,3]},{"name":"A-food-580","category":"food","price":41.9,"ratings":[0,5,1,3,0,1,4,3,2,0,1,1,3,4,1,3,4,4,4,4]},{"name":"E-toy-581","category":"toy","price":41.34,"ratings":[5,4,4,1]},{"name":"G-book-582","category":"book","price":27.76,"ratings":[4,2,5,1,0,2,2,4,1,3,4,3]},{"name":"G-food-583","category":"food","price":13.71,"ratings":[2,4,2,1,2,5,2]},{"name":"A-toy-584","category":"toy","price":31.4,"ratings":[1,4,2,1,2,3,0]},{"name":"G-food-585","category":"food","price":22.29,"ratings":[1,4,3,0,1,5]},{"name":"D-clothing-586","category":"clothing","price":2.29,"ratings":[2,3,1,1,3,2,0,0,5,2,3,2,1,2,4,3,2,2,3,5,4,2,4,2]},{"name":"A-digital-587","category":"digital","price":4.31,"ratings":[4,4,2,2,4,5,3,1,4,5,3,3,4,0,1,2,0,5,4,3,3,1,4,3,1]},{"name":"G-digital-588","category":"digital","price":37.57,"ratings":[0,2,1,3,3,1,3,2,1,4,4,2]},{"name":"D-book-589","category":"book","price":36.99,"ratings":[2,2,3,4,4,4,3,5,1,3,3,3]},{"name":"A-digital-590","category":"digital","price":19.19,"ratings":[3,0,3,4,4,2,1,1,2,4,4,4,5]},{"name":"E-toy-591","category":"toy","price":47.25,"ratings":[3,3,5,4,4,0,4,1,4,3]},{"name":"A-clothing-592","category":"clothing","price":15.38,"ratings":[2,1,2,3,3,2,1,5,1,3,3,3,3,1,2,3,1,0,3,5,5,3,3,3]},{"name":"A-book-593","category":"book","price":26.42,"ratings":[1,5,1,2,1,1,2,1]},{"name":"D-digital-594","category":"digital","price":13.32,"ratings":[2,1,4,5,1,4,1,0,3,2,3,2,2,3,5,3,3]},{"name":"G-book-595","category":"book","price":23.07,"ratings":[2,2,2,3,1,4,2,4,3,3,4,2,3]},{"name":"G-toy-596","category":"toy","price":1.92,"ratings":[1,3,5,4]},{"name":"E-clothing-597","category":"clothing","price":8.76,"ratings":[1,4,3,2,4,3,0,5,3,4,0,2,4,3,4,1,4,1,4,2,3,4,2,1,4,3,1]},{"name":"E-clothing-598","category":"clothing","price":3.91,"ratings":[3,1,4,5]},{"name":"A-clothing-599","category":"clothing","price":48.71,"ratings":[5,4,1,1,1,3,5,1,4,4,0,1,4,4,1,1,2,3,2,5,1,3,5]},{"name":"E-food-600","category":"food","price":25.7,"ratings":[1,5,1,1,2,2,3,5,5,2,0,0,2,4]},{"name":"G-book-601","category":"book","price":1.06,"ratings":[1,2,4,2,2,2,3,1,3]},{"name":"C-food-602","category":"food","price":14.68,"ratings":[2,0,3,1,1,4,1,1,0,3,5,1,5]},{"name":"G-digital-603","category":"digital","price":34.39,"ratings":[2,2,0,2,1,4,3,2,4,0,2]},{"name":"A-digital-604","category":"digital","price":30.2,"ratings":[4,0,2,0,1,4,0,2,5,4,0,2,3,1,1]},{"name":"C-book-605","category":"book","price":23.55,"ratings":[2,4,5,3,4]},{"name":"D-food-606","category":"food","price":7.02,"ratings":[2,5,3,3,3,1,5,1,2,3,0,4,1,3,1,4,1,1,1]},{"name":"B-toy-607","category":"toy","price":10.48,"ratings":[1,2,4,0,2,3]},{"name":"B-book-608","category":"book","price":27.96,"ratings":[3,4,4,5,3,1,1]},{"name":"B-toy-609","category":"toy","price":43.49,"ratings":[3,4,2,4,5,1,2,3,3,2,1,1,5]},{"name":"D-food-610","category":"food","price":10.43,"ratings":[1,4,1,1,5,5,4,4,5,4,5,4,4,3,5,2,3,3,2]},{"name":"A-book-611","category":"book","price":5.11,"ratings":[4,2]},{"name":"B-food-612","category":"food","price":34.67,"ratings":[2,5,4,3,5,2,3,1,3,2,2,0,1,3,4,2,3,5,5]},{"name":"D-food-613","category":"food","price":19.97,"ratings":[2,1,2,5,2,1,2,2,1,2,2,4,2,0]},{"name":"G-clothing-614","category":"clothing","price":42.07,"ratings":[4,2,2,1,0,2,4,4,2,3,5,4,3,2]},{"name":"C-clothing-615","category":"clothing","price":25.34,"ratings":[2,2,4,1,4,5,5,2,3]},{"name":"B-toy-616","category":"toy","price":46.3,"ratings":[2,4,4,3,3,2,2,0,4,1,0,5,3,1,3,0,1,2,0,4,5,1,3,3,3]},{"name":"B-food-617","category":"food","price":44.58,"ratings":[2]},{"name":"E-food-618","category":"food","price":4.34,"ratings":[5,3,3,3,2,3]},{"name":"D-food-619","category":"food","price":1.35,"ratings":[0,2,3,0,4,3,1,2,1,4,1,3,3,4,1,4,1,0,5,2,4]},{"name":"A-toy-620","category":"toy","price":21.07,"ratings":[3,1,1,3,3,5]},{"name":"D-clothing-621","category":"clothing","price":6.33,"ratings":[2,4,4,5,2,5,4,3,2,3,1,3,3]},{"name":"A-clothing-622","category":"clothing","price":18.07,"ratings":[3,5,5,2,2,3,4,5,2,4,1,5]},{"name":"D-digital-623","category":"digital","price":16.94,"ratings":[1,4,3,1,1,3,2,0,3,2,4,4]},{"name":"D-book-624","category":"book","price":21.74,"ratings":[2,1,4,1,1,2,3,3,1,2,3,3,2,4]},{"name":"C-food-625","category":"food","price":47.16,"ratings":[3]},{"name":"C-clothing-626","category":"clothing","price":29.61,"ratings":[1,2,2,1,3,2,4]},{"name":"C-toy-627","category":"toy","price":12.54,"ratings":[2,2,3,4,4]},{"name":"D-book-628","category":"book","price":31.74,"ratings":[3,3,1,3,4,1,1,4,4,1,0,4,0,3,1,2]},{"name":"D-toy-629","category":"toy","price":47.02,"ratings":[1,4,3,1,3,3,4,3,1,3,0,5]},{"name":"A-toy-630","category":"toy","price":41.06,"ratings":[3,2,4,4,4,1,1]},{"name":"A-clothing-631","category":"clothing","price":2.09,"ratings":[0,4,1,5,0,3,3]},{"name":"G-toy-632","category":"toy","price":30.53,"ratings":[1,5,1,1,4,1,3,0,1,4,3,1,2,3,1,0,4,0,1]},{"name":"E-book-633","category":"book","price":43.44,"ratings":[1,2,3,1,4,1]},{"name":"A-food-634","category":"food","price":25.49,"ratings":[5]},{"name":"A-book-635","category":"book","price":9.14,"ratings":[2,4,2,2,4,1,3]},{"name":"G-digital-636","category":"digital","price":37.75,"ratings":[1,1,2,1,4,0,5,4,5]},{"name":"E-digital-637","category":"digital","price":8.59,"ratings":[1,5,2,1,4,4,1,1,4,4,4,3,1,0,4]},{"name":"G-digital-638","category":"digital","price":19.98,"ratings":[4,4,5,1,4,1,4,3,4,1]},{"name":"E-book-639","category":"book","price":34.06,"ratings":[0,2,4,0,1,3,2,0,2,4,3,0,5,5,1,3,1]},{"name":"B-toy-640","category":"toy","price":39.42,"ratings":[2,5,1,2,2,4,0,4,3,2,1,4,3,1]},{"name":"B-clothing-641","category":"clothing","price":44.2,"ratings":[4,4,5,2,3,2,1,0,1]},{"name":"E-toy-642","category":"toy","price":3.8,"ratings":[5,5,0,1,2,4,1,4,3]},{"name":"C-food-643","category":"food","price":8.06,"ratings":[2,0,5,4,3,5,4,2,2,2,2]},{"name":"E-food-644","category":"food","price":35.37,"ratings":[1,4,1]},{"name":"D-toy-645","category":"toy","price":45.67,"ratings":[3,5]},{"name":"G-clothing-646","category":"clothing","price":37.85,"ratings":[1,1,0,1,0,2,1,0,3,3,1,4,2,0,5,2,1,3,2]},{"name":"E-clothing-647","category":"clothing","price":39.83,"ratings":[4,1,5,2,1,3,1,1,1,2,3,3]},{"name":"G-toy-648","category":"toy","price":33.06,"ratings":[2,1,3,4,4,0,0,2,1,2,0,4,0,5,2,4,3]},{"name":"B-book-649","category":"book","price":9.35,"ratings":[2,5,2,3,4,2,3,4,4,2,4]},{"name":"C-clothing-650","category":"clothing","price":33.41,"ratings":[1,2,4,0]},{"name":"D-digital-651","category":"digital","price":27.47,"ratings":[1,1,4,4,5,0,4,1,2,5,3,1,4,1,4,0,3,3,4,0]},{"name":"B-toy-652","category":"toy","price":3.26,"ratings":[5,3,5,3,2,3,5,5,3,2]},{"name":"B-digital-653","category":"digital","price":1.63,"ratings":[4,4,4,2,0,3,2,2,3,5,1,2,2,4]},{"name":"E-clothing-654","category":"clothing","price":41.14,"ratings":[3,0,2,1,4,1,0,1,1,3,4,3]},{"name":"A-book-655","category":"book","price":5.95,"ratings":[2,4,3,3,2,4,5,4]},{"name":"B-clothing-656","category":"clothing","price":19.86,"ratings":[2,3,5,2,4,3,4,1,3]},{"name":"A-digital-657","category":"digital","price":46.08,"ratings":[3,0,4,2,1,0,2,4,4,1,0]},{"name":"G-book-658","category":"book","price":25.31,"ratings":[1,5,1,3,0,3,2]},{"name":"A-digital-659","category":"digital","price":7.62,"ratings":[1,3,5,3,5,3,0,1,2,1,5,1]},{"name":"A-toy-660","category":"toy","price":4.16,"ratings":[2,1,2,0,2,3,0,2,4,2,0,4,3,1,4,5,0,1,1,4,3,1]},{"name":"D-clothing-661","category":"clothing","price":31.98,"ratings":[0,0,2,4,0,4,4,0,4,3,4,1,3,1,1,4,1]},{"name":"G-food-662","category":"food","price":5.74,"ratings":[4,1,4,1,1,4,2,3,5,5,4,1,1]},{"name":"C-digital-663","category":"digital","price":21.25,"ratings":[4,1,1,3,5,3,1,1,0,2,1,1,4,1,3,2,0,3,2,4,4,2]},{"name":"E-toy-664","category":"toy","price":24.92,"ratings":[4,2,4,3,1,4,1,5,0,1,4,2,3,1,3,4,3,2]},{"name":"A-book-665","category":"book","price":40.58,"ratings":[5,1,0,0,2,2,4,3,0,2]},{"name":"B-book-666","category":"book","price":27.77,"ratings":[5,3,1,4,5,5]},{"name":"G-food-667","category":"food","price":11.93,"ratings":[3,1,3,5,2,1,4,5,4,3,5,3,3]},{"name":"G-digital-668","category":"digital","price":32.04,"ratings":[2,4,3,3,4,3,2,0,2,5,0,1,5,1,1]},{"name":"A-toy-669","category":"toy","price":41.45,"ratings":[2,4,5,3,1,2]},{"name":"G-clothing-670","category":"clothing","price":19.56,"ratings":[2,3,3,2,5,2,4,2,4,5,1,5,2,4,1,2,1,3,0,2]},{"name":"D-clothing-671","category":"clothing","price":25.8,"ratings":[4,4,4,1,1,3,5,3,1]},{"name":"C-food-672","category":"food","price":31.69,"ratings":[1,2,2,3,5,3,4,3,0,2,4,4]},{"name":"E-food-673","category":"food","price":27.45,"ratings":[4,4,1,3,1,4,2,3,3,1,4,4,0,4,5,3,2,3,2]},{"name":"C-food-674","category":"food","price":34.71,"ratings":[1,0,4,2,4,3,2,3,1,1,3,2,1,2,4]},{"name":"A-food-675","category":"food","price":34.37,"ratings":[1,1,5,2,3,3,3,1,1,2,2,4,2,5,1]},{"name":"A-toy-676","category":"toy","price":36.29,"ratings":[3,1,5,1,3,3,0,5,1,1,3,5,2,4,3,3,2,1,3,0,2]},{"name":"A-food-677","category":"food","price":0.57,"ratings":[4,2,3,2,5,2,1,4,4,5,5,4,2,4,3,0,2,2]},{"name":"B-food-678","category":"food","price":5.64,"ratings":[4,0,1,2,4,0,4,0,1,4,2,4,4,4]},{"name":"G-toy-679","category":"toy","price":0.35,"ratings":[1,1,1,2,4,5,4,4,5,1,3,0,3]},{"name":"E-toy-680","category":"toy","price":41.35,"ratings":[1,4,0,0,3,3,1]},{"name":"B-book-681","category":"book","price":36.56,"ratings":[1,2,3,5,1,0,3,5,3,5,2,0,1,1,2]},{"name":"C-digital-682","category":"digital","price":21.28,"ratings":[3,2,4,5,4,0,3,1,2,2,2,2,3,3,2,3,1,5,1,0,4,4,2,4]},{"name":"A-book-683","category":"book","price":23.93,"ratings":[1,2,2,5,3,2,2,3,4,4,2,1]},{"name":"D-food-684","category":"food","price":25.57,"ratings":[4,4,5,4,4,2,4,3]},{"name":"E-food-685","category":"food","price":23.09,"ratings":[0,3,1,4,2,4,5,3,3,2,0,4,1,4,2,5,1,1,4]},{"name":"B-food-686","category":"food","price":6.21,"ratings":[5,1,1,1,3,3,4,1,3,3,4,0,4,4,1,4,4,2,1]},{"name":"C-digital-687","category":"digital","price":20.59,"ratings":[2,5,4,3,4,1,3,0,2,4,0,4,2,3,2,4,2,4,2,4,2]},{"name":"D-food-688","category":"food","price":33.35,"ratings":[5,0,2]},{"name":"G-digital-689","category":"digital","price":22.61,"ratings":[3,2,4,3,5,0,2,3,3,2,3,5,5,2]},{"name":"G-digital-690","category":"digital","price":17.02,"ratings":[0,3,2,3,0]},{"name":"E-digital-691","category":"digital","price":27.44,"ratings":[4,2,0,4,3,5,2,4,5,2,4,1,1,4,4]},{"name":"B-toy-692","category":"toy","price":41.41,"ratings":[1,0,2,4,4,4,2,1,3,4,3,1,4,1]},{"name":"A-food-693","category":"food","price":48.4,"ratings":[2,3,2,4,4,3,0,2,3,4,5]},{"name":"B-digital-694","category":"digital","price":9.54,"ratings":[2,1,2,5,1,3,4,3,5,4,1,5,2,1,1,5,2,2,2,2,3,1,5]},{"name":"B-clothing-695","category":"clothing","price":16.02,"ratings":[1,0,3,3,2,5,0,5,2]},{"name":"C-food-696","category":"food","price":42.39,"ratings":[3,2,3,0,5,1,5,4]},{"name":"A-book-697","category":"book","price":30.3,"ratings":[4,2,4,0,4,4,5,4,2,5,4,3,3,3,4,1,1,3,1,0,5,0,4,1,1]},{"name":"C-book-698","category":"book","price":7.95,"ratings":[0,1,0,2,1,3,4]},{"name":"A-book-699","category":"book","price":1.84,"ratings":[2,2,2,4,0,3,2,5,2,3,4,3,4,5]},{"name":"B-book-700","category":"book","price":9.19,"ratings":[1,1,1,4,1]},{"name":"B-food-701","category":"food","price":16.97,"ratings":[5,2,2,1,4,1,2,4,2,5,4,0,3]},{"name":"A-food-702","category":"food","price":10.75,"ratings":[1,3,5,2]},{"name":"D-clothing-703","category":"clothing","price":19.74,"ratings":[1,1,2,0]},{"name":"E-food-704","category":"food","price":29.58,"ratings":[3,1,2,0,5,5,0,5,4,2,2,4,5,4,4]},{"name":"E-food-705","category":"food","price":20.27,"ratings":[5,5,2,3,3,2,3,3,1,2,4,0,3,4]},{"name":"C-clothing-706","category":"clothing","price":26.75,"ratings":[4,2,2,2,1,4,2,4,2,0,2,3,5]},{"name":"A-toy-707","category":"toy","price":17.61,"ratings":[5,0,1,3,3,3]},{"name":"B-book-708","category":"book","price":30.44,"ratings":[3,1,1,3]},{"name":"D-toy-709","category":"toy","price":48.55,"ratings":[3,2,5,2,2,2,1,2,4,1,3,3,0,3,3,3,4,1,4,1,1]},{"name":"D-food-710","category":"food","price":44.47,"ratings":[4,4,1,2,1,1,5,4,4,4,0,4,1,1,4,3,5,0,5,4,1,4,2,3,1,0,1]},{"name":"C-digital-711","category":"digital","price":9.25,"ratings":[5,3,4,4,5,4,4,3,4,4]},{"name":"D-toy-712","category":"toy","price":43.61,"ratings":[3,3,1,2,3,3]},{"name":"B-book-713","category":"book","price":20.67,"ratings":[5,0,1,3,4,1,4,1,3,4,2,3,1,4,3,3,1]},{"name":"B-toy-714","category":"toy","price":7.05,"ratings":[3,4,0,2,2,1,1,2,1,3,3,2]},{"name":"A-clothing-715","category":"clothing","price":34.81,"ratings":[3,0,2,5,2,4,3,3,1,4,2,2,3,2,1,3]},{"name":"D-food-716","category":"food","price":39.92,"ratings":[3,4,0,5]},{"name":"A-toy-717","category":"toy","price":0.39,"ratings":[0,0,2,0,2,3,1,4,2]},{"name":"E-clothing-718","category":"clothing","price":39.23,"ratings":[3,0,2,3,0,1,5,4,2,2,4,0,1,2,0,0,0,1,5,2,4,2,1,5,4]},{"name":"B-toy-719","category":"toy","price":49.28,"ratings":[2,2,4,2,1,0,4,1,5,1]},{"name":"E-clothing-720","category":"clothing","price":20.88,"ratings":[3,4,5,5,4,4,3]},{"name":"G-digital-721","category":"digital","price":32.38,"ratings":[2,4,0,5,0,0,1,3,2,2,1,1,4,4,0,1,4,4,5,2,1,3,5,1]},{"name":"C-toy-722","category":"toy","price":39.12,"ratings":[2,3,1,1,2,5,4,1,0,1,2,2,3,3,2,3,3,1,2]},{"name":"B-book-723","category":"book","price":37.48,"ratings":[4,4,0,2,4,1,3,5,2,1]},{"name":"A-food-724","category":"food","price":36.09,"ratings":[3,3,1,3,3,4,3,2,4,0,1,1,3,0,3,5,1,1,5]},{"name":"D-clothing-725","category":"clothing","price":32.89,"ratings":[4,1,5,1,2,1,3,3,0,0,2,4,2,3,1,4,0,4,3,1,3,4,1,4]},{"name":"C-clothing-726","category":"clothing","price":19.03,"ratings":[2,4,2,3,2,3,3,0,1,2,4,5]},{"name":"D-toy-727","category":"toy","price":33.84,"ratings":[3,2,1,0,3,1,3,4,4,4,4,2,5,3,2,1]},{"name":"A-book-728","category":"book","price":4.04,"ratings":[4,4,2,5,4,3,1,3,5,3,4,2,1,1,1,5,4,3,0]},{"name":"C-digital-729","category":"digital","price":29.97,"ratings":[1,2,5,2,4,3,3,0,2,5,5]},{"name":"A-clothing-730","category":"clothing","price":48.22,"ratings":[2,4,3,1,1,4,0,5,1,4,1]},{"name":"A-food-731","category":"food","price":1.64,"ratings":[0,0]},{"name":"C-book-732","category":"book","price":23.2,"ratings":[1,1,5,2,2,2,2,2,2,0,2,4,1,4,4,4,0,5,5,2,2]},{"name":"C-toy-733","category":"toy","price":43.03,"ratings":[3,2,2,3,3,4,2,1,3,4,2,0,1]},{"name":"D-clothing-734","category":"clothing","price":2.51,"ratings":[1,1,2,3,1,3]},{"name":"G-digital-735","category":"digital","price":4.54,"ratings":[2,4,5,2,1,0,3,2,2,3,5,2,1,0,5,1]},{"name":"A-clothing-736","category":"clothing","price":7.41,"ratings":[3,5,2,3,4,5,1,3,1,4,4,1,3,4,4,4,4,2,1,4]},{"name":"A-clothing-737","category":"clothing","price":44.82,"ratings":[2,2,2,3,3]},{"name":"B-clothing-738","category":"clothing","price":43.29,"ratings":[4,3,2,3,0,4,4,1]},{"name":"G-digital-739","category":"digital","price":13.28,"ratings":[0,1,3,1,3,4]},{"name":"D-food-740","category":"food","price":46.52,"ratings":[5,1,3,2,3,1,3]},{"name":"G-digital-741","category":"digital","price":40.18,"ratings":[5,5,2,4,2,4,2,4,0,4,2,1,5,4,3,0,3,3,4,2,3,1,1,3]},{"name":"C-digital-742","category":"digital","price":43.93,"ratings":[1,2,3,4,2,4]},{"name":"G-clothing-743","category":"clothing","price":21.88,"ratings":[3,4,2,3,1,1,5,3,1,2]},{"name":"D-clothing-744","category":"clothing","price":39.89,"ratings":[1,1,3,1,4,0,2,5,1,2,0,2,4,4]},{"name":"C-clothing-745","category":"clothing","price":15.65,"ratings":[1,4,0,1,2,2,0,1,2,3,0,3,0,4,0]},{"name":"C-clothing-746","category":"clothing","price":25.18,"ratings":[4,0,1,0]},{"name":"A-digital-747","category":"digital","price":33.52,"ratings":[3,3,1,4,3,3,2,5,4,2]},{"name":"A-food-748","category":"food","price":48.67,"ratings":[2,2,4,2,2,3,1,2,1,1,4,3,2,1,5,4]},{"name":"A-toy-749","category":"toy","price":43.24,"ratings":[2,3,4,3,4,1,2,1,2,5,1,2,4,4,3]},{"name":"D-clothing-750","category":"clothing","price":36.67,"ratings":[3,4,2]},{"name":"B-digital-751","category":"digital","price":18.33,"ratings":[1,1,2,2]},{"name":"G-digital-752","category":"digital","price":45.73,"ratings":[4,1,1,4,2,5,2,1,2,5,2,5,1,3,0,1,3,4,3,0,0]},{"name":"C-digital-753","category":"digital","price":6.46,"ratings":[3,0,2,2,4,3,4,4,4,2,2,2,4,3,3,3]},{"name":"G-digital-754","category":"digital","price":27.29,"ratings":[3,3,0,2]},{"name":"E-digital-755","category":"digital","price":22.52,"ratings":[5,4,1,1,0,3,2,5,0,1,4,5,1,2,5,4]},{"name":"E-book-756","category":"book","price":40.48,"ratings":[2,4,1,2,4,1,1,3,2,2,5,3,3,3,4,2,5,2,1,4,2,0]},{"name":"A-toy-757","category":"toy","price":41.19,"ratings":[4,5,2,3,1,4,1,2]},{"name":"A-digital-758","category":"digital","price":39.97,"ratings":[2,2,1,1,1,3]},{"name":"C-book-759","category":"book","price":13.7,"ratings":[5,5,2,0,2,3,4]},{"name":"C-digital-760","category":"digital","price":1.08,"ratings":[1,3,1,3,3,4,2,4,3,0]},{"name":"E-food-761","category":"food","price":1.77,"ratings":[5,4,1,2,2,4,3]},{"name":"E-clothing-762","category":"clothing","price":29.01,"ratings":[2,2,2,0,5,4,0,1,5,2,4,4,3,2,3]},{"name":"C-food-763","category":"food","price":10.5,"ratings":[3,1,1,4,5,4,0,4,1,5,2,2,0,5,1,2,0,2,1,3,1]},{"name":"G-digital-764","category":"digital","price":23.5,"ratings":[2,2,2,3,4,5,3,2,3,1,4,2,4,4,2,0,3]},{"name":"D-toy-765","category":"toy","price":27.01,"ratings":[1,5,3,4,4,2,1,2,3,1,3,4,1]},{"name":"C-food-766","category":"food","price":49.9,"ratings":[1,5,2,3,2,5,3,4,3,5,2,3,1]},{"name":"B-clothing-767","category":"clothing","price":29.65,"ratings":[3,2,3,1,2,4,1,2]},{"name":"E-book-768","category":"book","price":26.41,"ratings":[4,0,4,3,0,5]},{"name":"C-toy-769","category":"toy","price":44.4,"ratings":[2,3,2,3,3,4,2,2,4,3]},{"name":"E-clothing-770","category":"clothing","price":16.21,"ratings":[4,3,3,1,3]},{"name":"D-food-771","category":"food","price":30.54,"ratings":[1,0]},{"name":"D-book-772","category":"book","price":12.87,"ratings":[0,4,3,2,1,1,1,4,1,2,3,1,1]},{"name":"C-book-773","category":"book","price":17.14,"ratings":[2,4,3,1,4,4,4,0,4]},{"name":"C-food-774","category":"food","price":42.12,"ratings":[2,5,5,3,1,3]},{"name":"A-toy-775","category":"toy","price":26.13,"ratings":[1,2,0,5,1,2,3,1,1,4,5,3,5,1,2,1,1]},{"name":"D-toy-776","category":"toy","price":32.91,"ratings":[3,3,1,4,1,1,4,1,5,1,3,2,4,2,1,1,1,2,3,3]},{"name":"C-book-777","category":"book","price":9.08,"ratings":[4,4,2,2,2,4,1,2,1]},{"name":"B-toy-778","category":"toy","price":27.4,"ratings":[3,3,1,1,4,1,3,3,0,0,1,2,1,1,5,3,2,2,1,1,1,3,2]},{"name":"B-food-779","category":"food","price":16.69,"ratings":[1,1,5,3,4,2,5,2,3,2,3]},{"name":"D-clothing-780","category":"clothing","price":40.52,"ratings":[4,5,0,0,2,3,2,0,1,1,0,4,5,4,3]},{"name":"D-food-781","category":"food","price":8,"ratings":[1,4,2,2,3]},{"name":"B-clothing-782","category":"clothing","price":23.37,"ratings":[2,2,3,1,4,1,3]},{"name":"G-book-783","category":"book","price":29.12,"ratings":[4,1,1,4,3,3,3,4,1,4,1,1,5,3,3,4,3,3,2]},{"name":"G-food-784","category":"food","price":49.14,"ratings":[3,2,3,0,2,5,2,1,4,2,3,4,2,4,4,0,3,5,0,2,1,0,5,4,3]},{"name":"B-book-785","category":"book","price":0.07,"ratings":[3,5,1,2,3,4]},{"name":"D-book-786","category":"book","price":44.29,"ratings":[1,1,0,3,0,1,4,2,3,1,1,3,3]},{"name":"B-food-787","category":"food","price":34.37,"ratings":[3,3,5,2,4,3]},{"name":"B-food-788","category":"food","price":15.82,"ratings":[0,3,1,5,2,2,1,4,1,4,1,0,1,3,1,5,2,2,1,2,2,2,3,5,4,5]},{"name":"B-food-789","category":"food","price":16.99,"ratings":[3,2,0,3,4]},{"name":"A-digital-790","category":"digital","price":8.38,"ratings":[3,2,1,5,2,0,1,3,4,3,0,2,5,1,4,4,1,0,5,2]},{"name":"A-book-791","category":"book","price":48.75,"ratings":[0,3,4,2,2]},{"name":"G-book-792","category":"book","price":29.75,"ratings":[3,0,2,2,3,3,0,1,3,4,1,4,4,4,1,2,1,4]},{"name":"C-digital-793","category":"digital","price":32.4,"ratings":[1,2,3,5,3,4,2,2,4]},{"name":"C-book-794","category":"book","price":45.53,"ratings":[2,4,5,4,3,2]},{"name":"C-book-795","category":"book","price":31.82,"ratings":[4,5,2,1,1,4]},{"name":"D-clothing-796","category":"clothing","price":0.94,"ratings":[3,0,2,2,4,3,1,4,4,2,1,4]},{"name":"G-clothing-797","category":"clothing","price":29.09,"ratings":[1,3,4,2,3,4,3,0]},{"name":"D-digital-798","category":"digital","price":40.42,"ratings":[3,1,3]},{"name":"B-toy-799","category":"toy","price":44.59,"ratings":[5,4,3,4,3,4,2]},{"name":"A-book-800","category":"book","price":11.27,"ratings":[4,2,3,3,1,4,3]},{"name":"D-toy-801","category":"toy","price":8.09,"ratings":[4,3,4,3,4,1,4,3,1]},{"name":"D-book-802","category":"book","price":20,"ratings":[4,2,3,1]},{"name":"G-food-803","category":"food","price":42.1,"ratings":[5,5,2,1,5]},{"name":"B-toy-804","category":"toy","price":38.85,"ratings":[2,4,5,0,1,1]},{"name":"B-clothing-805","category":"clothing","price":46.65,"ratings":[3,1,4,4,2,5,3,1,3,2,1]},{"name":"C-book-806","category":"book","price":2.02,"ratings":[4,4,1,1,3,1]},{"name":"G-book-807","category":"book","price":27.76,"ratings":[5,2,4,1,4,2,0,0,3,4,5,4,0,0,4,2,3]},{"name":"C-toy-808","category":"toy","price":2.48,"ratings":[3,0,1,1,3,2,4,5,4,2,4,4,3,4]},{"name":"G-digital-809","category":"digital","price":5.41,"ratings":[2,3,3,3,4,2,2,3,2,5,4,5,2]},{"name":"G-toy-810","category":"toy","price":29.12,"ratings":[4,2,3,0,2,1,2]},{"name":"D-toy-811","category":"toy","price":21.02,"ratings":[2,5,4,0,4,2,4,0,2,1,0,2,1,3,1]},{"name":"A-toy-812","category":"toy","price":7.5,"ratings":[1,0,0,3,1,1,2,3,3,5,2,2,5,2,2,2,4,3,4,4,1,3,4,4,3,4,1,2]},{"name":"C-food-813","category":"food","price":0.88,"ratings":[3,2,1,3,5,3,1,1,4,0,0,3,5,1,2,4,2,2,2,1,4,3,0,1]},{"name":"A-digital-814","category":"digital","price":44.77,"ratings":[1,4,5,2,2,5,2,3,0,4,2,2,4,4,0,1,3,4,5,3,3,3,5,0,0,0,2]},{"name":"D-food-815","category":"food","price":19.44,"ratings":[2,4,2,0,4,2,2,3,5,5,0,0,2,3,1,4,0,2,2,5,1,3,2,3,0]},{"name":"B-food-816","category":"food","price":38.67,"ratings":[0,2,5,1,4,2,3,3]},{"name":"G-food-817","category":"food","price":9.68,"ratings":[1,5,3,4,4,4,1,1,2,1,3,2,3,4,4,4,2]},{"name":"B-digital-818","category":"digital","price":35.54,"ratings":[5,1,4,1,5,4,2,4]},{"name":"D-clothing-819","category":"clothing","price":14.02,"ratings":[0,3,1,1,1,4,1,2]},{"name":"C-book-820","category":"book","price":20.8,"ratings":[1,2,1,1,5,4,1]},{"name":"A-food-821","category":"food","price":40.03,"ratings":[1,4,3,3,2,1,2]},{"name":"E-toy-822","category":"toy","price":9.72,"ratings":[3,2,1,4,3,3,1,3,3,1,0,1,4]},{"name":"G-food-823","category":"food","price":11.62,"ratings":[5,0,3,3,4,4,1,1,0,2]},{"name":"C-book-824","category":"book","price":43.7,"ratings":[3,1,1,5,5,1,2,1,2,0,4,1,2,3,2]},{"name":"G-food-825","category":"food","price":15.48,"ratings":[1,3,1,5,4,4,2,3,4,4,2,2,3,3,0,4,2]},{"name":"E-clothing-826","category":"clothing","price":12.94,"ratings":[5,4,2,4,2,1,4,2,1,4,3,3,1,1,1,0,3,4,5,3]},{"name":"C-toy-827","category":"toy","price":12.12,"ratings":[2,3,2,3,1,2,3,4,4,1,3,3,0,3,4,1,3,0,1,1]},{"name":"B-toy-828","category":"toy","price":24.11,"ratings":[3,1,4]},{"name":"G-book-829","category":"book","price":19.05,"ratings":[5,2,0,4,1,3,2,4,1,1,3,1,1,3,4,4,4,3,3,5,1,0,1]},{"name":"C-clothing-830","category":"clothing","price":38.18,"ratings":[4,4,5,2,1,4,2,2,2,1,1]},{"name":"C-digital-831","category":"digital","price":2.27,"ratings":[1,4,5,2,3,5,2,4,2,5,1,2,2,3,0,4]},{"name":"A-digital-832","category":"digital","price":36.96,"ratings":[4,0,3,4,4,5,0,4,1,4,2,3]},{"name":"E-clothing-833","category":"clothing","price":1.8,"ratings":[1,5,5,4,4,1,1,1,3,3,4,4,4,2,4,5,3]},{"name":"B-clothing-834","category":"clothing","price":12.72,"ratings":[0,1,3,2,4,0,4]},{"name":"A-clothing-835","category":"clothing","price":45.35,"ratings":[4,3,1,3,3,1,3,0,2]},{"name":"B-book-836","category":"book","price":19.61,"ratings":[2,2,3]},{"name":"D-food-837","category":"food","price":20.56,"ratings":[4,0,3,2,0,1]},{"name":"B-clothing-838","category":"clothing","price":7.29,"ratings":[2,3,1,3,5,4,5,1]},{"name":"C-clothing-839","category":"clothing","price":42.02,"ratings":[4,2,4,1,4,1,1,0,2,0,2,3,1,0,3,2,5,2,1,4,4,1]},{"name":"E-digital-840","category":"digital","price":5.96,"ratings":[2,3,3,4,1,0,2,4,3,1,3,3,3,4,4,1,5,3,5]},{"name":"A-food-841","category":"food","price":42.15,"ratings":[3,1,0,2,2,1,1,1,5,4,1]},{"name":"G-digital-842","category":"digital","price":11.89,"ratings":[3,2,4,3,4,1,2,1,5,4,1,3,1,1,4,3,4,1,5,1,4,4]},{"name":"G-book-843","category":"book","price":18.96,"ratings":[4,5,3,3,0,3,2,1,5,4,4,0]},{"name":"G-clothing-844","category":"clothing","price":44.48,"ratings":[2,5,3,4,4,4,3,2,5,0,5,4,3,4,1,2,1,1,2,0,2,2,3,3,1]},{"name":"D-toy-845","category":"toy","price":42.48,"ratings":[5,5,1,2,3,1,2,3]},{"name":"E-book-846","category":"book","price":32.39,"ratings":[4,2,0,4,4,4,4,5,1,1,2,0,0,3,0,3,1,2,2,2]},{"name":"D-book-847","category":"book","price":17.87,"ratings":[4]},{"name":"D-book-848","category":"book","price":37.79,"ratings":[3,3,5,4,5,4,1,1,2,3,1,4]},{"name":"D-clothing-849","category":"clothing","price":3.18,"ratings":[4,1,4,3,4,5,3,1,0,2,1,1,2,1,1,1]},{"name":"A-book-850","category":"book","price":38.16,"ratings":[3,2,4,4,3,4,3,0,2,1,4,2,1,0,2]},{"name":"E-book-851","category":"book","price":44.96,"ratings":[1,4,2,2,3,5,0,1,1]},{"name":"D-toy-852","category":"toy","price":9.08,"ratings":[4,3,2,1,0,0,3]},{"name":"B-food-853","category":"food","price":22.33,"ratings":[2,5,3,0,3,1,5]},{"name":"D-food-854","category":"food","price":23.97,"ratings":[3,1,1,4,2,4,2,2,1,0,4,4,4,1]},{"name":"A-digital-855","category":"digital","price":36.8,"ratings":[3,0,1,3,1,3,0,4,5,5,2,0,1,5,0,4,0,3,0,2,1,2,4,1]},{"name":"B-food-856","category":"food","price":14.64,"ratings":[2,4,0,4,1,3,4,4,2,0,2,4,2]},{"name":"E-food-857","category":"food","price":42.51,"ratings":[2,5,3,0,3,2,2,1,0,1,3]},{"name":"C-toy-858","category":"toy","price":32.93,"ratings":[3,3,5,2,4,2,4,3,5,2,2,4,5,2,3,0]},{"name":"G-food-859","category":"food","price":28.04,"ratings":[3,1,4,1,2,1,2,2]},{"name":"A-food-860","category":"food","price":23.97,"ratings":[1,5,1,3,5,3,5,4,4]},{"name":"D-toy-861","category":"toy","price":0.86,"ratings":[1,4,3,4,3,0,1,4,3,0,3,4,4,4,1,1,5,3,4,1,3,4,4,5,3]},{"name":"A-food-862","category":"food","price":48.67,"ratings":[1,2,1,4,4,2]},{"name":"C-book-863","category":"book","price":7.08,"ratings":[1,2,0,1,0,4,1,5,2,0,1,5,3,0,1,4,2,3,2,5,3,5]},{"name":"D-digital-864","category":"digital","price":28.2,"ratings":[0,1,0,5,3,5,1,0,1,2,1,5,1]},{"name":"A-book-865","category":"book","price":30.45,"ratings":[4,4,3,3,3,2,3,0,4,3,0,2,2,4,2,0,5,3,5,3,1,1]},{"name":"A-toy-866","category":"toy","price":2.73,"ratings":[1,1,0,1,1,4,4,2,2,4,0,0,4,2,1]},{"name":"B-clothing-867","category":"clothing","price":38.11,"ratings":[3,0,5,1,1,0,1,0,4,2,3,5,2,4,3,3]},{"name":"B-book-868","category":"book","price":24.32,"ratings":[4,2,0,0,4,2,5,1,2,1,1,4,2,1,1,3,1,3,0,3,3,2,3]},{"name":"G-food-869","category":"food","price":16.65,"ratings":[3,4,1,0,1,4,5,2,1,0,3,2,2,4,5,5,3,3,4,2]},{"name":"B-toy-870","category":"toy","price":43.46,"ratings":[5,1,4,3,2,1,5,3,1,1,3,3,3,2,3,3,1]},{"name":"D-book-871","category":"book","price":11.43,"ratings":[0,3,2,5,0,0,1,4,4]},{"name":"E-toy-872","category":"toy","price":17.9,"ratings":[4,3,1,2,0,4,2,0,3,1,2,0,5]},{"name":"B-toy-873","category":"toy","price":14.86,"ratings":[3,4,3,2,2,4,3,3,0,4,5,1,4,2,1,3,1,1,0,4,3,2,3,1,1,0]},{"name":"A-book-874","category":"book","price":12.23,"ratings":[4,0,4,3,4,5,4]},{"name":"D-food-875","category":"food","price":22.8,"ratings":[2,3,0,1,4,3,3,4,5,5]},{"name":"C-toy-876","category":"toy","price":39.68,"ratings":[3,0,2,1,5,1,0,4,5,1,3,2,3,1,1,1,5,4,1,3,1,5,2,0,5]},{"name":"C-food-877","category":"food","price":14.97,"ratings":[1,1,3,4,4,4,5,2,2,3,4]},{"name":"A-food-878","category":"food","price":36.91,"ratings":[1,5,3,2,2]},{"name":"B-digital-879","category":"digital","price":7.35,"ratings":[5,5,1,4,3,4,4,1,5,2,2,2,3]},{"name":"D-food-880","category":"food","price":46.74,"ratings":[4,4,1,3,2,2]},{"name":"G-food-881","category":"food","price":40.88,"ratings":[0,1,0,5,2,2,0,1,1,3,4,3,1,5,4,5,5]},{"name":"D-food-882","category":"food","price":8.21,"ratings":[0,3,4]},{"name":"D-digital-883","category":"digital","price":4.7,"ratings":[4,2,3,0,2,3,5,1,0,3,2,2,0,5,5,4,3,1]},{"name":"C-digital-884","category":"digital","price":14.36,"ratings":[5,3,3,3,2,2]},{"name":"C-toy-885","category":"toy","price":36.23,"ratings":[3,1,3,3,2,0,1,5,3]},{"name":"E-toy-886","category":"toy","price":23.74,"ratings":[3,2,2,1,1,0,3,2,3,4,4,3,2,4,1,5]},{"name":"A-book-887","category":"book","price":40.05,"ratings":[4,3,0,4,4,2,1,3,1]},{"name":"G-toy-888","category":"toy","price":8.71,"ratings":[3,3,2,1,3,1,5]},{"name":"D-book-889","category":"book","price":1.05,"ratings":[1,1,2,3,0,0,2,1,2,4,1,2,2,5,1,5,1]},{"name":"E-digital-890","category":"digital","price":47.45,"ratings":[0,5,3,2,0,1,2,0,0,2,4,5]},{"name":"A-food-891","category":"food","price":37.7,"ratings":[1,2,4,1,2,3,3,1,2,0,1]},{"name":"A-toy-892","category":"toy","price":23.61,"ratings":[2,2,4,4,1,4,0,3,0,2,2,2,2,1,0,3,3,3,5,0,1,4,4,3,4,0,4]},{"name":"D-digital-893","category":"digital","price":26.99,"ratings":[4,2,4,5,5]},{"name":"G-digital-894","category":"digital","price":24.85,"ratings":[4,2,4,2,4,2]},{"name":"E-clothing-895","category":"clothing","price":45.11,"ratings":[2,4,1,3,2,4,2,1,0,5,0,0,2,0]},{"name":"A-toy-896","category":"toy","price":7.49,"ratings":[3,2,2,4,0]},{"name":"E-toy-897","category":"toy","price":18.38,"ratings":[1,2,4,0]},{"name":"D-food-898","category":"food","price":7.3,"ratings":[3,3,4,1,1,4,4,4,3,2,3,3,3,0,2,2]},{"name":"D-food-899","category":"food","price":36.6,"ratings":[0,0,0,4,5,1,1,1,4]},{"name":"E-food-900","category":"food","price":19.72,"ratings":[4,2,0,3,3,5,4]},{"name":"E-book-901","category":"book","price":10.78,"ratings":[4,5,3,2]},{"name":"A-clothing-902","category":"clothing","price":26.49,"ratings":[1,1,1,1,0]},{"name":"C-book-903","category":"book","price":7.56,"ratings":[1,3,3,3,2,0,3,3,4,2,4,2,4]},{"name":"B-toy-904","category":"toy","price":4.65,"ratings":[1,5,4,1,4,1,1,5,4,3,1,4,1,3,1]},{"name":"E-toy-905","category":"toy","price":46.67,"ratings":[1,3,4,3,3,4,1,4,5]},{"name":"B-toy-906","category":"toy","price":7.01,"ratings":[2,5,1]},{"name":"E-toy-907","category":"toy","price":13.18,"ratings":[2,2,3,2,1,1,2,2,5,3,2,5,2,1,4,2,4]},{"name":"B-digital-908","category":"digital","price":5.07,"ratings":[4,4,4,4,3,3,2,3,3,0,4,1,2,3,5]},{"name":"E-digital-909","category":"digital","price":22.75,"ratings":[2,3,0,3,1,1,0,1,4,5,3,1,0,2,5,4,2,1,3,1,2,2,2]},{"name":"G-food-910","category":"food","price":40.83,"ratings":[0,0,1,3,2,3,4,1,3,4,3,4]},{"name":"C-clothing-911","category":"clothing","price":27.53,"ratings":[4,3,2,2,1,1,3,1,1,1,4,2,1,1,1,3,0]},{"name":"B-clothing-912","category":"clothing","price":15.37,"ratings":[3,1,4,4,2,5,5,0,4,1,1]},{"name":"A-food-913","category":"food","price":17.45,"ratings":[4,3,4,4,1,3,5,1]},{"name":"B-toy-914","category":"toy","price":46.76,"ratings":[4,3,0,0,0,4,5,2,1]},{"name":"C-toy-915","category":"toy","price":44.24,"ratings":[3,0,1,1,1,1,2,2,3,4,1,1,2,3,0,5]},{"name":"E-book-916","category":"book","price":18.38,"ratings":[4,3,4,3,1,0,5,1,1,1,4,4,2]},{"name":"C-food-917","category":"food","price":13.32,"ratings":[4,3,3,2,3,3,2,3,5,0]},{"name":"B-food-918","category":"food","price":44.87,"ratings":[1,1,0,2,3,2,4]},{"name":"C-digital-919","category":"digital","price":47.93,"ratings":[1,1,3,1,1,5,1,3,5,3,3,4,1,2,4,4,4]},{"name":"A-food-920","category":"food","price":10.88,"ratings":[3,2,2,4,5,0,4,1]},{"name":"D-book-921","category":"book","price":45.39,"ratings":[3,2,3,2,3,1,0,4,1,3,1,3]},{"name":"D-clothing-922","category":"clothing","price":24.9,"ratings":[1,5,4,5,0,2,4,0,1]},{"name":"B-food-923","category":"food","price":25.75,"ratings":[1,0,3,1,3,2,2,0,3,2,3,1,4,0,4]},{"name":"B-clothing-924","category":"clothing","price":16.91,"ratings":[5,4,0,1,0,1,1,1,4]},{"name":"G-clothing-925","category":"clothing","price":0.28,"ratings":[2,2,1,1,1,0,3,2,2,5,4,1,0,4,5,5,0,4]},{"name":"E-food-926","category":"food","price":27.43,"ratings":[2,3,4,0]},{"name":"B-clothing-927","category":"clothing","price":27.28,"ratings":[2,1,4,2,0,2,3,1,4,0,0,2,2,3,2,2,1,4,0]},{"name":"G-clothing-928","category":"clothing","price":9.59,"ratings":[1,5,3,5,0,4,4,4,3,5,1,1,1]},{"name":"G-book-929","category":"book","price":24.73,"ratings":[1,5,3,4,4,1,4,4,4,3,3,2,3,3,1,2,2,5,4,4,3,3]},{"name":"A-book-930","category":"book","price":36.63,"ratings":[2,1,0,4,1,0,3,1,4,1]},{"name":"A-book-931","category":"book","price":31.32,"ratings":[1,2,3,2,3,2,0,3,4,0,2,1,3,3,4]},{"name":"D-toy-932","category":"toy","price":42.26,"ratings":[2,1,3,1,5,3,5,2,1,1,1,1,0,0,2]},{"name":"E-clothing-933","category":"clothing","price":45.21,"ratings":[4,4,3,4,2,1,5,0,1,3,4,5]},{"name":"E-digital-934","category":"digital","price":21.87,"ratings":[4,2,2,4,2]},{"name":"B-book-935","category":"book","price":2.34,"ratings":[3,4,3,1,4,3,5,4,0,5]},{"name":"G-book-936","category":"book","price":46.51,"ratings":[0,4,3,0,1,5,4,5,3,2,3,4,3]},{"name":"G-clothing-937","category":"clothing","price":36.31,"ratings":[1,0,1,1,3,3,4,4,0,1,0,4,4,4,2,2,0,2]},{"name":"C-book-938","category":"book","price":42.54,"ratings":[4,4,2,3,1,4,3,1,1,3,3,1,2,3,0]},{"name":"D-book-939","category":"book","price":22.33,"ratings":[2,1,1,2,2,4,3,0,4,1,4,0]},{"name":"D-clothing-940","category":"clothing","price":14.89,"ratings":[3,3,1,1,4,4,4,3,0,3,1,4,5,2,1,0,4,5,3,4,4,5,5,4,4]},{"name":"D-digital-941","category":"digital","price":33.93,"ratings":[3,3,2,2,4,4,5,1,1,3,0,4,3,5,5,1,4,2,4,2,0,4]},{"name":"C-digital-942","category":"digital","price":41.21,"ratings":[2,0,4,1,2,4,2,4,0,1,2,5,1,2,0,4,3,2,4]},{"name":"B-digital-943","category":"digital","price":26.07,"ratings":[3,4,5,3,3,0,1,3,4,2,1,5]},{"name":"A-food-944","category":"food","price":16.6,"ratings":[4,2,3,1,1,2,2,4,0,1,4,4,4,4,3,4,1,1,0,1]},{"name":"E-toy-945","category":"toy","price":1.28,"ratings":[0,4]},{"name":"A-clothing-946","category":"clothing","price":43.6,"ratings":[1,4,3,1,3,5,1,2,4]},{"name":"G-toy-947","category":"toy","price":14.25,"ratings":[5,0,1,4,1,4,5,3,2,1,3,0,5,2,2]},{"name":"D-toy-948","category":"toy","price":42.28,"ratings":[5,4,3,3,1,2,4,1]},{"name":"D-clothing-949","category":"clothing","price":28.42,"ratings":[5,5,2,5,1,3,3,5,1,5]},{"name":"E-food-950","category":"food","price":20.04,"ratings":[4,2,2,4,4,4,3,1,4,5,2,5]},{"name":"E-toy-951","category":"toy","price":26.8,"ratings":[4,4,1,1,2,3,2,2,2,5,1,3,3,3,4,3,1,3,2,4,3]},{"name":"D-clothing-952","category":"clothing","price":43.89,"ratings":[1,3,2,2,3,0,1,3,0,2,1,2,2,3,5,4]},{"name":"G-clothing-953","category":"clothing","price":17.12,"ratings":[2,4,2,1,3,4,2,5,3,3,0,0,1]},{"name":"B-food-954","category":"food","price":27.69,"ratings":[2,1,2,2,1,2,2,1,1,2,1,1]},{"name":"A-toy-955","category":"toy","price":11.44,"ratings":[2,4,1,3,5,4,0,4,2,5,2,2,0]},{"name":"G-clothing-956","category":"clothing","price":10.59,"ratings":[3,2,4,4,1,4,4,4,2,4,0]},{"name":"B-toy-957","category":"toy","price":37.42,"ratings":[0,1,0,1,0,5,1,3,3,0,2,1,3,3,3,2]},{"name":"B-food-958","category":"food","price":48,"ratings":[4,1,0,2,1,4]},{"name":"D-clothing-959","category":"clothing","price":27.13,"ratings":[1,4,3,2,4,4,2,1,5,1,2]},{"name":"D-toy-960","category":"toy","price":9.98,"ratings":[2,1,2,3,2,3,1,0,5,3,1,3,3,0,4,2,1]},{"name":"E-clothing-961","category":"clothing","price":12.74,"ratings":[2,2,2,2,3,4,3,4,0,3]},{"name":"D-book-962","category":"book","price":23.01,"ratings":[0,4,2,5,4,1,5,4,1,1,1,4,2,0]},{"name":"A-food-963","category":"food","price":49.07,"ratings":[2,4,0,2,2,3,4,0,2,3,4,4,0,3]},{"name":"D-toy-964","category":"toy","price":39.83,"ratings":[3,3,2,5,1,2,3,4]},{"name":"G-clothing-965","category":"clothing","price":22.19,"ratings":[3,2,5,4,5,5,2,4,1,1,2,1,4,4,3]},{"name":"A-book-966","category":"book","price":26.64,"ratings":[2,5,2,5,3,0,4,5,0,2,3]},{"name":"G-food-967","category":"food","price":47.06,"ratings":[4,0,0,2,2,0,4,3,2,4,5,4,4,1,4,2,4,0,0,5,5]},{"name":"B-toy-968","category":"toy","price":4.59,"ratings":[5,1,2,3,0,1,3,2,5,3,5,2,2]},{"name":"D-toy-969","category":"toy","price":44.11,"ratings":[1,3,1,4,2,3,2,0]},{"name":"C-toy-970","category":"toy","price":7.74,"ratings":[5,2,1,1,3]},{"name":"A-book-971","category":"book","price":25.07,"ratings":[4,2,5,1,0,3,1]},{"name":"B-digital-972","category":"digital","price":13.88,"ratings":[4,3,0,0,4,0,3,0,4,4,1,2,1,5,2]},{"name":"D-toy-973","category":"toy","price":25.06,"ratings":[2,0,4,2,1,1,5,1,5,3,0,0,0,1,4,2,1]},{"name":"E-food-974","category":"food","price":8.36,"ratings":[1,3,2,4,1,2,5,4,4]},{"name":"G-food-975","category":"food","price":34.62,"ratings":[0,4,1,4,1,4,2,3,3,1,2,3,5,3,4,1,4,0,4,4,2,1,3]},{"name":"G-food-976","category":"food","price":37.69,"ratings":[2,3,2,5,2,4,4,5,3,4,3,4,3,3,1,5,1]},{"name":"D-book-977","category":"book","price":29.53,"ratings":[0,2,4,3,4,3,4,1,0]},{"name":"A-toy-978","category":"toy","price":9.59,"ratings":[3,2,0,3,4,2,1,2,4,1,5,1,0,0]},{"name":"E-food-979","category":"food","price":3.62,"ratings":[2,4,5,4,4]},{"name":"B-digital-980","category":"digital","price":11.3,"ratings":[2,4,3,1,0,3,3,1,1,5,3,4,4,4,4,5,4,2,4,2,4]},{"name":"C-toy-981","category":"toy","price":42.5,"ratings":[4,1,2,2,5,3,2,1,1]},{"name":"E-food-982","category":"food","price":4.75,"ratings":[3,5,1,2,2,5,1,3,2,1,1,1,4,5,1]},{"name":"G-clothing-983","category":"clothing","price":34.47,"ratings":[2,3,1,5,4]},{"name":"D-toy-984","category":"toy","price":7.12,"ratings":[2,3,5,2,0,4,3,3,2]},{"name":"G-digital-985","category":"digital","price":38.88,"ratings":[5,5]},{"name":"E-book-986","category":"book","price":26.66,"ratings":[3,4,1,1,4,2,2,4,5,1,3]},{"name":"G-food-987","category":"food","price":15.19,"ratings":[1,0,4,0,5,1,2,3,1,5,3]},{"name":"C-food-988","category":"food","price":1.54,"ratings":[4,3,0,3,4,3,4,3,1,0,2,4,3]},{"name":"D-food-989","category":"food","price":30.89,"ratings":[4,2,1,3,1,4,5,4,1,1,0,1]},{"name":"A-food-990","category":"food","price":35.07,"ratings":[4,1,1,4,1,4,1]},{"name":"B-clothing-991","category":"clothing","price":34.76,"ratings":[0,1]},{"name":"A-food-992","category":"food","price":21.87,"ratings":[5,4,4,3,2,2,1,1,1,4,4,3,1]},{"name":"C-food-993","category":"food","price":47.81,"ratings":[2,2,3,2,0,1]},{"name":"G-food-994","category":"food","price":25.21,"ratings":[5]},{"name":"B-clothing-995","category":"clothing","price":48.36,"ratings":[0,1,0,4,1,4,3,1,0,0,2,2,5,3]},{"name":"D-book-996","category":"book","price":46.21,"ratings":[2,4,5]},{"name":"B-clothing-997","category":"clothing","price":47.09,"ratings":[4,0,3,4,5,2,2,4,4,4,4,5,1,0,4]},{"name":"C-book-998","category":"book","price":48.85,"ratings":[2,2,0,0,4,1,4,2,0,2,2,5,4,4,0,2,0,4,4,4,0]},{"name":"D-clothing-999","category":"clothing","price":0.02,"ratings":[3,3,2,4,2,2,2,4,4,1]}]